src_claim_id,src_patient_id,src_provider_id,service_date,diagnosis_code,procedure_code,claim_amount,paid_amount,copay_amount,load_ts
MC00001,P00141,DR00047,2024-03-09,I77.6,24573,1354.03,1264.64,89.39,2025-11-22 19:12:45.529231
MC00002,P00032,DR00004,2025-03-23,I63.9,69914,3903.25,2712.98,1190.27,2025-11-22 19:12:45.529261
MC00003,P00128,DR00039,2024-05-23,I12.8,85372,407.76,381.12,26.64,2025-11-22 19:12:45.529284
MC00004,P00110,DR00001,2024-03-03,I55.3,84798,1285.5,845.13,440.37,2025-11-22 19:12:45.529308
MC00005,P00022,DR00034,2024-11-18,I18.8,81313,2141.18,1853.72,287.46,2025-11-22 19:12:45.529337
MC00006,P00142,DR00002,2024-10-19,I70.0,93318,2585.91,2573.84,12.07,2025-11-22 19:12:45.529360
MC00007,P00192,DR00002,2024-11-22,I18.5,41604,1995.72,1495.43,500.29,2025-11-22 19:12:45.529373
MC00008,P00198,DR00038,2024-12-17,I27.0,56176,3691.41,3142.51,548.9,2025-11-22 19:12:45.529389
MC00009,P00045,DR00050,2023-12-22,I69.7,92802,2775.47,2568.43,207.04,2025-11-22 19:12:45.529409
MC00010,P00184,DR00050,2024-08-11,I14.4,36422,993.16,649.47,343.69,2025-11-22 19:12:45.529429
MC00011,P00011,DR00021,2025-01-09,I75.6,81176,314.65,213.9,100.75,2025-11-22 19:12:45.529449
MC00012,P00166,DR00013,2025-02-03,I55.0,95948,2419.66,1487.24,932.42,2025-11-22 19:12:45.529492
MC00013,P00095,DR00028,2024-10-09,I66.6,54438,1726.43,1121.82,604.61,2025-11-22 19:12:45.529507
MC00014,P00128,DR00024,2024-06-09,I44.1,65640,4871.25,3889.6,981.65,2025-11-22 19:12:45.529517
MC00015,P00047,DR00035,2025-01-26,I51.1,20494,486.74,409.34,77.4,2025-11-22 19:12:45.529529
MC00016,P00115,DR00039,2024-09-12,I31.7,56077,1706.81,1225.93,480.88,2025-11-22 19:12:45.529539
MC00017,P00091,DR00040,2024-09-03,I45.0,19835,2290.94,2040.6,250.34,2025-11-22 19:12:45.529549
MC00018,P00132,DR00048,2023-12-28,I30.0,28714,3388.8,2583.91,804.89,2025-11-22 19:12:45.529560
MC00019,P00113,DR00003,2025-07-16,I18.3,94562,4258.48,3710.14,548.34,2025-11-22 19:12:45.529569
MC00020,P00146,DR00003,2024-03-13,I29.7,58623,1895.01,1427.21,467.8,2025-11-22 19:12:45.529581
MC00021,P00147,DR00009,2024-05-29,I56.6,51207,1922.87,1740.65,182.22,2025-11-22 19:12:45.529598
MC00022,P00030,DR00002,2025-05-16,I73.8,60723,3282.85,2297.49,985.36,2025-11-22 19:12:45.529623
MC00023,P00199,DR00017,2023-12-03,I67.3,90199,4576.36,2961.38,1614.98,2025-11-22 19:12:45.529634
MC00024,P00126,DR00013,2025-07-20,I27.1,69250,1499.33,1449.24,50.09,2025-11-22 19:12:45.529645
MC00025,P00023,DR00044,2024-12-30,I95.5,18511,946.02,837.56,108.46,2025-11-22 19:12:45.529673
MC00026,P00077,DR00011,2023-11-25,I99.2,57381,2794.99,2001.62,793.37,2025-11-22 19:12:45.529698
MC00027,P00052,DR00009,2025-03-25,I73.0,57303,2592.9,1681.61,911.29,2025-11-22 19:12:45.529712
MC00028,P00142,DR00009,2024-03-06,I21.1,50539,2814.71,2104.18,710.53,2025-11-22 19:12:45.529723
MC00029,P00123,DR00034,2024-09-28,I62.9,19666,2050.98,1818.75,232.23,2025-11-22 19:12:45.529732
MC00030,P00019,DR00029,2024-08-02,I97.8,55156,714.1,519.02,195.08,2025-11-22 19:12:45.529741
MC00031,P00142,DR00041,2024-03-31,I33.2,66704,728.84,679.0,49.84,2025-11-22 19:12:45.529754
MC00032,P00032,DR00034,2025-06-19,I48.2,31229,2564.03,2428.87,135.16,2025-11-22 19:12:45.529774
MC00033,P00089,DR00034,2025-02-05,I20.4,35729,1681.04,1485.59,195.45,2025-11-22 19:12:45.529793
MC00034,P00033,DR00041,2025-01-16,I88.8,22245,3211.78,2634.74,577.04,2025-11-22 19:12:45.529815
MC00035,P00149,DR00010,2025-05-31,I94.9,89316,2562.61,1710.43,852.18,2025-11-22 19:12:45.529834
MC00036,P00011,DR00002,2025-08-31,I15.9,44688,1754.34,1700.96,53.38,2025-11-22 19:12:45.529853
MC00037,P00107,DR00040,2024-02-07,I13.7,92203,3290.54,2983.81,306.73,2025-11-22 19:12:45.529871
MC00038,P00078,DR00031,2025-03-17,I97.6,48985,2773.33,2376.09,397.24,2025-11-22 19:12:45.529894
MC00039,P00041,DR00029,2024-09-23,I71.7,36741,2322.37,2033.11,289.26,2025-11-22 19:12:45.529913
MC00040,P00184,DR00021,2024-12-04,I61.2,58567,1766.94,1161.71,605.23,2025-11-22 19:12:45.529923
MC00041,P00062,DR00030,2025-07-20,I44.7,42495,2623.4,1685.47,937.93,2025-11-22 19:12:45.529940
MC00042,P00099,DR00040,2024-09-20,I41.2,52917,790.3,490.18,300.12,2025-11-22 19:12:45.529958
MC00043,P00049,DR00049,2025-06-12,I73.8,71186,4675.38,4153.85,521.53,2025-11-22 19:12:45.529996
MC00044,P00006,DR00006,2024-10-16,I74.7,41552,2543.92,1840.31,703.61,2025-11-22 19:12:45.530019
MC00045,P00013,DR00019,2024-07-04,I86.7,47453,1154.21,855.45,298.76,2025-11-22 19:12:45.530039
MC00046,P00111,DR00009,2025-02-25,I56.6,57964,2729.78,2562.91,166.87,2025-11-22 19:12:45.530057
MC00047,P00144,DR00013,2024-11-16,I80.4,19637,321.69,199.6,122.09,2025-11-22 19:12:45.530078
MC00048,P00141,DR00018,2024-02-23,I97.9,25572,1993.11,1554.91,438.2,2025-11-22 19:12:45.530089
MC00049,P00096,DR00022,2024-04-30,I56.2,36090,730.45,466.52,263.93,2025-11-22 19:12:45.530098
MC00050,P00011,DR00003,2025-10-14,I27.5,72094,3052.07,2321.27,730.8,2025-11-22 19:12:45.530120
MC00051,P00132,DR00009,2024-12-22,I88.5,31299,2644.73,1744.4,900.33,2025-11-22 19:12:45.530130
MC00052,P00077,DR00038,2024-12-13,I74.8,79774,2025.48,1714.77,310.71,2025-11-22 19:12:45.530139
MC00053,P00122,DR00002,2024-11-10,I52.1,64596,2500.25,2063.13,437.12,2025-11-22 19:12:45.530149
MC00054,P00186,DR00045,2024-02-17,I13.9,72205,2960.14,2719.49,240.65,2025-11-22 19:12:45.530159
MC00055,P00199,DR00038,2024-04-10,I39.0,86483,1401.1,1208.08,193.02,2025-11-22 19:12:45.530170
MC00056,P00185,DR00040,2024-10-29,I28.3,14138,2454.2,1987.15,467.05,2025-11-22 19:12:45.530189
MC00057,P00049,DR00002,2024-08-28,I50.6,29848,2905.59,2557.52,348.07,2025-11-22 19:12:45.530216
MC00058,P00129,DR00050,2024-03-06,I70.0,28098,2123.5,1447.29,676.21,2025-11-22 19:12:45.530236
MC00059,P00170,DR00031,2024-06-02,I58.5,32699,2641.55,2177.57,463.98,2025-11-22 19:12:45.530254
MC00060,P00140,DR00023,2023-12-31,I97.4,89963,2352.35,1913.05,439.3,2025-11-22 19:12:45.530274
MC00061,P00072,DR00036,2025-01-21,I38.4,47880,2472.48,2430.29,42.19,2025-11-22 19:12:45.530294
MC00062,P00126,DR00021,2024-07-19,I54.8,45842,3554.01,3113.65,440.36,2025-11-22 19:12:45.530304
MC00063,P00140,DR00025,2024-10-14,I54.2,48070,1510.17,1252.52,257.65,2025-11-22 19:12:45.530316
MC00064,P00021,DR00023,2024-08-27,I93.4,72793,306.13,300.66,5.47,2025-11-22 19:12:45.530326
MC00065,P00070,DR00036,2023-12-11,I44.2,24316,1148.54,1069.5,79.04,2025-11-22 19:12:45.530336
MC00066,P00063,DR00004,2024-01-07,I77.3,93616,3116.82,2601.71,515.11,2025-11-22 19:12:45.530346
MC00067,P00085,DR00046,2024-07-27,I22.2,10679,1240.9,794.27,446.63,2025-11-22 19:12:45.530364
MC00068,P00041,DR00027,2024-01-24,I70.7,95267,4826.14,4783.5,42.64,2025-11-22 19:12:45.530402
MC00069,P00083,DR00019,2024-01-31,I17.1,95498,1077.33,1061.78,15.55,2025-11-22 19:12:45.530422
MC00070,P00186,DR00003,2025-05-27,I63.2,14763,2913.25,2371.56,541.69,2025-11-22 19:12:45.530450
MC00071,P00127,DR00012,2025-01-30,I14.0,49110,4986.14,3783.47,1202.67,2025-11-22 19:12:45.530462
MC00072,P00086,DR00019,2024-08-14,I92.8,78723,2883.01,1853.55,1029.46,2025-11-22 19:12:45.530471
MC00073,P00130,DR00030,2025-02-16,I34.1,53343,2520.17,2458.23,61.94,2025-11-22 19:12:45.530493
MC00074,P00066,DR00046,2025-05-16,I11.5,48669,896.22,702.25,193.97,2025-11-22 19:12:45.530515
MC00075,P00045,DR00040,2024-02-07,I61.6,77538,2882.13,2602.31,279.82,2025-11-22 19:12:45.530534
MC00076,P00025,DR00012,2025-07-02,I71.5,42512,1706.84,1297.77,409.07,2025-11-22 19:12:45.530563
MC00077,P00115,DR00049,2025-02-22,I52.4,86344,133.47,100.56,32.91,2025-11-22 19:12:45.530589
MC00078,P00168,DR00024,2023-12-14,I40.0,97528,3642.12,2201.93,1440.19,2025-11-22 19:12:45.530600
MC00079,P00104,DR00044,2024-06-26,I49.1,93717,679.3,490.95,188.35,2025-11-22 19:12:45.530612
MC00080,P00158,DR00015,2025-04-12,I27.7,30078,4589.04,3295.0,1294.04,2025-11-22 19:12:45.530623
MC00081,P00096,DR00027,2023-12-05,I80.7,80453,2329.4,2319.0,10.4,2025-11-22 19:12:45.530641
MC00082,P00196,DR00016,2023-12-27,I86.1,78879,4029.78,3748.67,281.11,2025-11-22 19:12:45.530659
MC00083,P00020,DR00037,2025-07-31,I17.8,76255,2289.07,2017.83,271.24,2025-11-22 19:12:45.530677
MC00084,P00043,DR00021,2024-06-08,I66.1,99167,1090.57,888.45,202.12,2025-11-22 19:12:45.530697
MC00085,P00024,DR00033,2024-08-23,I17.7,27294,1106.47,921.98,184.49,2025-11-22 19:12:45.530707
MC00086,P00015,DR00036,2024-08-06,I96.4,12853,2614.91,2046.74,568.17,2025-11-22 19:12:45.530717
MC00087,P00191,DR00014,2024-04-09,I19.0,65534,2040.15,1890.36,149.79,2025-11-22 19:12:45.530746
MC00088,P00016,DR00005,2024-07-27,I14.4,63591,1788.19,1118.52,669.67,2025-11-22 19:12:45.530767
MC00089,P00165,DR00047,2024-01-31,I63.5,60132,981.91,642.34,339.57,2025-11-22 19:12:45.530804
MC00090,P00097,DR00025,2025-09-01,I97.8,27431,2297.83,2221.65,76.18,2025-11-22 19:12:45.530817
MC00091,P00046,DR00035,2024-10-16,I77.2,39188,3302.32,2440.77,861.55,2025-11-22 19:12:45.530827
MC00092,P00077,DR00030,2024-01-03,I79.6,79721,4190.63,3781.93,408.7,2025-11-22 19:12:45.530863
MC00093,P00118,DR00023,2025-06-17,I45.3,24790,1958.45,1354.98,603.47,2025-11-22 19:12:45.530888
MC00094,P00158,DR00050,2025-11-06,I40.3,18819,257.86,222.81,35.05,2025-11-22 19:12:45.530917
MC00095,P00154,DR00044,2023-12-03,I16.3,15798,594.39,364.62,229.77,2025-11-22 19:12:45.530932
MC00096,P00056,DR00049,2025-09-26,I27.8,47914,2071.1,1436.8,634.3,2025-11-22 19:12:45.530942
MC00097,P00148,DR00021,2024-04-10,I86.5,41051,1247.39,1205.68,41.71,2025-11-22 19:12:45.530951
MC00098,P00170,DR00034,2025-04-10,I62.4,46064,1578.65,1037.65,541.0,2025-11-22 19:12:45.530961
MC00099,P00189,DR00012,2024-02-20,I96.6,82856,398.69,390.48,8.21,2025-11-22 19:12:45.530973
MC00100,P00165,DR00043,2024-10-28,I77.5,64568,2528.54,2500.51,28.03,2025-11-22 19:12:45.530983
MC00101,P00048,DR00049,2024-05-21,I70.3,39536,2100.47,1512.24,588.23,2025-11-22 19:12:45.530993
MC00102,P00119,DR00004,2024-04-26,I62.6,83044,1573.61,1389.55,184.06,2025-11-22 19:12:45.531007
MC00103,P00066,DR00014,2024-12-19,I92.1,68954,2696.96,2037.2,659.76,2025-11-22 19:12:45.531025
MC00104,P00186,DR00013,2025-10-01,I44.6,98299,4250.95,2707.79,1543.16,2025-11-22 19:12:45.531050
MC00105,P00019,DR00013,2024-03-31,I95.8,38444,3064.35,1887.09,1177.26,2025-11-22 19:12:45.531089
MC00106,P00086,DR00020,2025-11-07,I37.3,25376,2449.03,2321.17,127.86,2025-11-22 19:12:45.531242
MC00107,P00063,DR00045,2024-03-14,I36.6,41369,3759.71,3390.25,369.46,2025-11-22 19:12:45.531260
MC00108,P00098,DR00030,2024-05-25,I93.5,50425,2805.19,2553.3,251.89,2025-11-22 19:12:45.531283
MC00109,P00128,DR00030,2025-08-14,I70.5,36624,1381.65,1112.4,269.25,2025-11-22 19:12:45.531306
MC00110,P00145,DR00015,2025-06-26,I12.4,82523,1916.45,1467.18,449.27,2025-11-22 19:12:45.531336
MC00111,P00107,DR00019,2025-06-19,I35.5,40149,4680.32,3892.42,787.9,2025-11-22 19:12:45.531354
MC00112,P00128,DR00036,2024-01-22,I97.5,43728,1961.21,1830.49,130.72,2025-11-22 19:12:45.531363
MC00113,P00186,DR00042,2024-07-08,I68.2,56160,3840.47,3054.9,785.57,2025-11-22 19:12:45.531373
MC00114,P00126,DR00012,2024-05-16,I92.0,78674,929.4,825.42,103.98,2025-11-22 19:12:45.531383
MC00115,P00172,DR00004,2025-11-16,I62.2,92667,265.74,249.44,16.3,2025-11-22 19:12:45.531392
MC00116,P00003,DR00014,2024-06-23,I68.5,17923,1234.02,1089.48,144.54,2025-11-22 19:12:45.531402
MC00117,P00158,DR00031,2024-01-17,I72.0,10866,3127.39,2710.51,416.88,2025-11-22 19:12:45.531411
MC00118,P00005,DR00034,2025-02-14,I78.4,12246,2707.84,2070.24,637.6,2025-11-22 19:12:45.531421
MC00119,P00111,DR00012,2025-08-05,I22.8,29516,2560.86,2251.36,309.5,2025-11-22 19:12:45.531433
MC00120,P00065,DR00023,2025-02-22,I60.1,58896,1280.75,1085.96,194.79,2025-11-22 19:12:45.531464
MC00121,P00063,DR00045,2025-04-05,I48.1,95686,4800.56,3761.71,1038.85,2025-11-22 19:12:45.531486
MC00122,P00009,DR00006,2024-10-03,I58.6,82443,4959.21,4264.71,694.5,2025-11-22 19:12:45.531511
MC00123,P00180,DR00011,2025-08-30,I73.6,94529,2432.42,2078.99,353.43,2025-11-22 19:12:45.531529
MC00124,P00025,DR00034,2025-10-10,I39.3,84289,3943.44,3258.63,684.81,2025-11-22 19:12:45.531539
MC00125,P00020,DR00044,2025-02-08,I79.9,96259,2429.95,1503.23,926.72,2025-11-22 19:12:45.531549
MC00126,P00081,DR00002,2025-04-24,I85.2,62205,261.22,253.78,7.44,2025-11-22 19:12:45.531562
MC00127,P00145,DR00016,2024-04-21,I59.8,53480,4651.49,3347.73,1303.76,2025-11-22 19:12:45.531575
MC00128,P00177,DR00047,2025-09-03,I74.5,17038,1980.85,1774.64,206.21,2025-11-22 19:12:45.531594
MC00129,P00020,DR00022,2024-03-13,I88.9,61996,578.66,400.93,177.73,2025-11-22 19:12:45.531612
MC00130,P00163,DR00018,2024-08-18,I72.3,56636,4847.71,3541.5,1306.21,2025-11-22 19:12:45.531634
MC00131,P00048,DR00044,2024-04-02,I94.6,21232,2809.88,2107.89,701.99,2025-11-22 19:12:45.531657
MC00132,P00064,DR00046,2025-09-08,I20.4,30214,3883.62,2789.03,1094.59,2025-11-22 19:12:45.531676
MC00133,P00040,DR00048,2024-10-20,I50.5,23965,1962.0,1792.4,169.6,2025-11-22 19:12:45.531686
MC00134,P00114,DR00024,2025-02-19,I23.2,21442,548.45,535.94,12.51,2025-11-22 19:12:45.531696
MC00135,P00143,DR00033,2024-10-01,I23.0,21746,1018.22,793.74,224.48,2025-11-22 19:12:45.531705
MC00136,P00154,DR00021,2024-10-24,I11.4,64238,1834.18,1168.79,665.39,2025-11-22 19:12:45.531724
MC00137,P00144,DR00016,2024-04-16,I76.2,99825,2000.22,1267.9,732.32,2025-11-22 19:12:45.531735
MC00138,P00078,DR00018,2024-07-06,I28.1,31916,1965.59,1288.52,677.07,2025-11-22 19:12:45.531746
MC00139,P00124,DR00005,2024-11-18,I42.3,91924,2229.91,1713.55,516.36,2025-11-22 19:12:45.531763
MC00140,P00118,DR00007,2025-07-07,I48.0,61864,2529.43,2141.59,387.84,2025-11-22 19:12:45.531789
MC00141,P00085,DR00029,2024-12-15,I65.9,27842,1727.86,1465.36,262.5,2025-11-22 19:12:45.531824
MC00142,P00178,DR00013,2024-07-20,I50.2,62198,1572.13,1322.61,249.52,2025-11-22 19:12:45.531838
MC00143,P00178,DR00041,2024-07-08,I83.3,52714,4846.75,3473.08,1373.67,2025-11-22 19:12:45.531855
MC00144,P00101,DR00024,2025-07-29,I82.3,87624,1942.67,1800.07,142.6,2025-11-22 19:12:45.531873
MC00145,P00197,DR00036,2025-10-26,I69.3,67469,4986.6,3350.85,1635.75,2025-11-22 19:12:45.531895
MC00146,P00018,DR00027,2024-01-03,I73.2,93012,4008.66,3738.13,270.53,2025-11-22 19:12:45.531904
MC00147,P00040,DR00046,2024-09-15,I58.1,68860,1583.88,1110.41,473.47,2025-11-22 19:12:45.531914
MC00148,P00103,DR00035,2024-06-22,I98.6,81256,4954.43,3922.39,1032.04,2025-11-22 19:12:45.531923
MC00149,P00180,DR00035,2024-03-24,I91.1,24335,280.15,276.61,3.54,2025-11-22 19:12:45.531933
MC00150,P00091,DR00011,2024-01-30,I88.0,83822,3867.87,3338.13,529.74,2025-11-22 19:12:45.531944
MC00151,P00103,DR00049,2024-12-18,I65.1,11382,4919.68,4284.99,634.69,2025-11-22 19:12:45.531960
MC00152,P00192,DR00034,2024-04-30,I84.9,38971,583.17,401.69,181.48,2025-11-22 19:12:45.531975
MC00153,P00198,DR00044,2024-03-30,I98.8,29758,2284.31,1727.97,556.34,2025-11-22 19:12:45.531985
MC00154,P00027,DR00019,2024-09-23,I20.1,28569,1790.34,1091.79,698.55,2025-11-22 19:12:45.531995
MC00155,P00053,DR00034,2024-07-16,I54.7,22795,1806.81,1332.03,474.78,2025-11-22 19:12:45.532004
MC00156,P00082,DR00005,2025-01-19,I15.1,12960,2247.01,1974.46,272.55,2025-11-22 19:12:45.532014
MC00157,P00174,DR00011,2025-03-18,I76.2,82339,4260.98,3660.98,600.0,2025-11-22 19:12:45.532025
MC00158,P00119,DR00015,2024-10-04,I90.2,34430,884.66,728.91,155.75,2025-11-22 19:12:45.532037
MC00159,P00008,DR00048,2024-03-04,I35.7,87621,3238.35,2502.77,735.58,2025-11-22 19:12:45.532046
MC00160,P00055,DR00014,2025-02-10,I18.9,23336,2204.81,1326.81,878.0,2025-11-22 19:12:45.532063
MC00161,P00094,DR00021,2025-05-05,I68.1,44387,4017.56,3273.33,744.23,2025-11-22 19:12:45.532073
MC00162,P00164,DR00021,2024-03-21,I59.9,61451,3386.44,2694.91,691.53,2025-11-22 19:12:45.532082
MC00163,P00118,DR00040,2025-05-30,I96.4,90541,2976.32,2200.01,776.31,2025-11-22 19:12:45.532097
MC00164,P00081,DR00008,2025-03-23,I49.1,33992,2991.82,2599.42,392.4,2025-11-22 19:12:45.532115
MC00165,P00100,DR00027,2024-03-22,I27.9,60293,1929.2,1266.6,662.6,2025-11-22 19:12:45.532139
MC00166,P00138,DR00045,2024-02-01,I32.8,31871,2172.89,1726.73,446.16,2025-11-22 19:12:45.532149
MC00167,P00081,DR00029,2024-02-27,I16.5,11256,2499.25,1639.8,859.45,2025-11-22 19:12:45.532158
MC00168,P00099,DR00036,2024-06-23,I93.7,63626,2474.58,1677.89,796.69,2025-11-22 19:12:45.532190
MC00169,P00114,DR00032,2025-06-04,I20.9,14044,3455.01,2647.41,807.6,2025-11-22 19:12:45.532214
MC00170,P00009,DR00018,2025-04-06,I78.4,32047,3999.82,2752.72,1247.1,2025-11-22 19:12:45.532224
MC00171,P00198,DR00050,2024-07-03,I80.8,24838,3925.63,3243.59,682.04,2025-11-22 19:12:45.532233
MC00172,P00140,DR00024,2024-05-16,I15.7,81611,2906.3,2055.21,851.09,2025-11-22 19:12:45.532249
MC00173,P00189,DR00042,2025-03-14,I48.0,68947,1170.86,901.63,269.23,2025-11-22 19:12:45.532260
MC00174,P00023,DR00029,2025-07-25,I40.3,87060,1387.79,1311.29,76.5,2025-11-22 19:12:45.532275
MC00175,P00157,DR00041,2024-09-10,I31.9,28249,3476.75,3283.51,193.24,2025-11-22 19:12:45.532285
MC00176,P00016,DR00037,2024-11-28,I78.4,88231,3945.76,3651.45,294.31,2025-11-22 19:12:45.532294
MC00177,P00181,DR00019,2025-01-30,I83.4,77425,2739.97,1998.7,741.27,2025-11-22 19:12:45.532304
MC00178,P00025,DR00009,2024-09-27,I17.4,95969,4928.89,4296.61,632.28,2025-11-22 19:12:45.532320
MC00179,P00064,DR00010,2023-11-25,I51.3,98635,721.75,683.09,38.66,2025-11-22 19:12:45.532331
MC00180,P00162,DR00018,2024-02-19,I63.6,69243,2024.23,1329.65,694.58,2025-11-22 19:12:45.532340
MC00181,P00197,DR00006,2024-10-06,I75.4,58374,470.03,431.41,38.62,2025-11-22 19:12:45.532350
MC00182,P00149,DR00001,2025-08-19,I68.5,18300,2328.01,1851.27,476.74,2025-11-22 19:12:45.532360
MC00183,P00110,DR00014,2024-07-04,I44.5,47171,3998.82,3035.45,963.37,2025-11-22 19:12:45.532370
MC00184,P00145,DR00032,2024-12-06,I97.0,16021,1755.0,1458.71,296.29,2025-11-22 19:12:45.532399
MC00185,P00118,DR00002,2025-07-18,I30.7,69836,587.92,537.1,50.82,2025-11-22 19:12:45.532420
MC00186,P00052,DR00045,2025-07-10,I93.4,30837,103.31,101.58,1.73,2025-11-22 19:12:45.532444
MC00187,P00024,DR00042,2024-11-18,I42.1,58738,4384.67,4168.23,216.44,2025-11-22 19:12:45.532455
MC00188,P00014,DR00026,2024-02-21,I49.3,66260,3356.09,2884.78,471.31,2025-11-22 19:12:45.532470
MC00189,P00001,DR00014,2024-07-22,I19.2,87814,3311.88,2919.35,392.53,2025-11-22 19:12:45.532488
MC00190,P00003,DR00001,2023-12-11,I53.1,65353,1208.34,1053.66,154.68,2025-11-22 19:12:45.532512
MC00191,P00059,DR00025,2025-08-23,I23.1,51071,3500.75,2769.37,731.38,2025-11-22 19:12:45.532524
MC00192,P00098,DR00050,2025-07-09,I92.2,18966,1901.05,1368.19,532.86,2025-11-22 19:12:45.532536
MC00193,P00167,DR00011,2024-08-29,I54.3,92323,2699.49,1628.84,1070.65,2025-11-22 19:12:45.532557
MC00194,P00158,DR00044,2024-08-26,I37.1,23168,3766.52,3645.83,120.69,2025-11-22 19:12:45.532576
MC00195,P00187,DR00025,2024-11-28,I64.5,28327,786.06,510.36,275.7,2025-11-22 19:12:45.532601
MC00196,P00064,DR00036,2024-03-17,I86.9,47345,1314.15,1127.34,186.81,2025-11-22 19:12:45.532623
MC00197,P00169,DR00020,2025-04-26,I76.9,76784,3916.95,3431.99,484.96,2025-11-22 19:12:45.532633
MC00198,P00166,DR00004,2025-03-22,I73.6,24777,1024.37,775.14,249.23,2025-11-22 19:12:45.532643
MC00199,P00019,DR00034,2025-11-10,I56.5,27299,1281.3,1095.81,185.49,2025-11-22 19:12:45.532653
MC00200,P00108,DR00024,2024-05-12,I97.2,71736,1995.51,1866.98,128.53,2025-11-22 19:12:45.532690
MC00201,P00005,DR00038,2025-09-14,I11.4,38277,4776.82,4338.05,438.77,2025-11-22 19:12:45.532731
MC00202,P00102,DR00033,2025-02-02,I90.8,64451,295.15,184.23,110.92,2025-11-22 19:12:45.532754
MC00203,P00164,DR00035,2024-05-21,I88.2,46368,2175.52,1655.38,520.14,2025-11-22 19:12:45.532768
MC00204,P00053,DR00010,2024-05-22,I51.6,86865,509.63,321.89,187.74,2025-11-22 19:12:45.532786
MC00205,P00175,DR00042,2025-09-16,I49.6,41278,3208.04,2995.7,212.34,2025-11-22 19:12:45.532798
MC00206,P00112,DR00008,2024-08-15,I88.9,17212,383.74,243.48,140.26,2025-11-22 19:12:45.532810
MC00207,P00190,DR00012,2025-07-23,I11.2,11487,1615.52,1448.6,166.92,2025-11-22 19:12:45.532826
MC00208,P00134,DR00034,2025-03-02,I31.5,26637,902.78,885.81,16.97,2025-11-22 19:12:45.532837
MC00209,P00188,DR00008,2025-10-23,I52.6,45649,3773.9,3582.88,191.02,2025-11-22 19:12:45.532856
MC00210,P00148,DR00041,2025-09-05,I73.7,76949,2666.89,1880.64,786.25,2025-11-22 19:12:45.532875
MC00211,P00146,DR00011,2024-11-11,I30.4,23487,1864.61,1491.4,373.21,2025-11-22 19:12:45.532893
MC00212,P00030,DR00015,2024-06-19,I10.0,11610,4481.92,3897.69,584.23,2025-11-22 19:12:45.532917
MC00213,P00099,DR00010,2025-05-23,I14.8,95944,1298.3,1023.98,274.32,2025-11-22 19:12:45.532929
MC00214,P00107,DR00047,2024-12-30,I44.1,84912,2154.91,1570.33,584.58,2025-11-22 19:12:45.532941
MC00215,P00014,DR00012,2025-04-08,I76.0,62550,1926.76,1542.98,383.78,2025-11-22 19:12:45.532971
MC00216,P00073,DR00050,2025-01-08,I51.1,82494,437.74,344.08,93.66,2025-11-22 19:12:45.532994
MC00217,P00075,DR00037,2025-01-15,I89.3,70807,2338.06,1747.86,590.2,2025-11-22 19:12:45.533005
MC00218,P00198,DR00050,2025-05-06,I79.3,29735,1904.54,1883.1,21.44,2025-11-22 19:12:45.533015
MC00219,P00060,DR00035,2024-12-03,I91.0,53911,131.25,100.28,30.97,2025-11-22 19:12:45.533025
MC00220,P00189,DR00047,2025-01-12,I23.3,79443,107.16,92.47,14.69,2025-11-22 19:12:45.533034
MC00221,P00016,DR00010,2023-11-25,I45.1,15754,4917.27,3776.1,1141.17,2025-11-22 19:12:45.533044
MC00222,P00134,DR00027,2023-12-06,I57.7,21128,4614.24,4424.66,189.58,2025-11-22 19:12:45.533056
MC00223,P00164,DR00026,2025-09-07,I85.9,18163,2945.78,2363.02,582.76,2025-11-22 19:12:45.533066
MC00224,P00061,DR00019,2025-02-28,I50.6,52762,2231.42,2199.48,31.94,2025-11-22 19:12:45.533075
MC00225,P00020,DR00013,2025-07-06,I84.1,30369,1658.48,1175.5,482.98,2025-11-22 19:12:45.533085
MC00226,P00081,DR00027,2025-07-22,I78.5,37215,617.72,481.71,136.01,2025-11-22 19:12:45.533094
MC00227,P00031,DR00006,2025-06-14,I97.4,89076,2314.39,1817.58,496.81,2025-11-22 19:12:45.533104
MC00228,P00084,DR00010,2025-08-21,I41.5,61936,297.62,278.09,19.53,2025-11-22 19:12:45.533114
MC00229,P00067,DR00012,2025-10-22,I61.7,82869,2615.95,2278.16,337.79,2025-11-22 19:12:45.533123
MC00230,P00119,DR00007,2025-07-02,I25.0,18083,3765.58,2635.68,1129.9,2025-11-22 19:12:45.533133
MC00231,P00034,DR00013,2024-10-08,I57.1,86326,4168.82,4139.75,29.07,2025-11-22 19:12:45.533144
MC00232,P00020,DR00002,2025-09-17,I35.7,26880,2971.98,2873.82,98.16,2025-11-22 19:12:45.533160
MC00233,P00085,DR00008,2025-10-10,I69.0,32018,550.7,517.06,33.64,2025-11-22 19:12:45.533175
MC00234,P00186,DR00026,2024-07-02,I13.6,99550,4628.25,3578.85,1049.4,2025-11-22 19:12:45.533187
MC00235,P00048,DR00018,2025-02-09,I67.2,14541,2190.65,1624.54,566.11,2025-11-22 19:12:45.533205
MC00236,P00166,DR00019,2024-06-30,I62.8,72787,3109.12,2632.77,476.35,2025-11-22 19:12:45.533236
MC00237,P00036,DR00027,2025-05-02,I92.8,42656,398.8,283.91,114.89,2025-11-22 19:12:45.533248
MC00238,P00005,DR00025,2023-11-23,I55.7,81371,3190.7,2938.21,252.49,2025-11-22 19:12:45.533261
MC00239,P00145,DR00033,2024-12-28,I59.4,33568,3929.03,2898.11,1030.92,2025-11-22 19:12:45.533272
MC00240,P00008,DR00050,2025-02-08,I17.7,79393,227.71,191.01,36.7,2025-11-22 19:12:45.533289
MC00241,P00060,DR00011,2025-08-12,I41.3,44934,1851.42,1543.34,308.08,2025-11-22 19:12:45.533308
MC00242,P00189,DR00004,2025-04-12,I83.6,56504,2715.08,2488.36,226.72,2025-11-22 19:12:45.533327
MC00243,P00045,DR00012,2025-03-25,I85.5,57026,4682.51,4666.67,15.84,2025-11-22 19:12:45.533337
MC00244,P00180,DR00023,2024-04-20,I82.2,83807,4578.5,2798.76,1779.74,2025-11-22 19:12:45.533347
MC00245,P00127,DR00035,2025-01-10,I32.7,14975,4747.01,4436.93,310.08,2025-11-22 19:12:45.533356
MC00246,P00057,DR00002,2024-06-01,I71.0,53481,542.26,375.81,166.45,2025-11-22 19:12:45.533366
MC00247,P00034,DR00022,2025-05-25,I51.0,12872,4597.69,3129.12,1468.57,2025-11-22 19:12:45.533375
MC00248,P00037,DR00050,2025-08-01,I77.5,19506,823.79,726.48,97.31,2025-11-22 19:12:45.533392
MC00249,P00102,DR00038,2025-08-11,I53.4,52284,1930.59,1885.74,44.85,2025-11-22 19:12:45.533402
MC00250,P00112,DR00041,2024-07-12,I93.5,32833,768.61,509.59,259.02,2025-11-22 19:12:45.533412
MC00251,P00158,DR00023,2025-04-08,I95.9,32983,3565.2,2940.54,624.66,2025-11-22 19:12:45.533427
MC00252,P00076,DR00009,2025-05-25,I10.9,61327,1954.08,1746.16,207.92,2025-11-22 19:12:45.533437
MC00253,P00146,DR00003,2025-05-20,I87.5,90134,4268.71,3877.41,391.3,2025-11-22 19:12:45.533446
MC00254,P00128,DR00010,2024-12-18,I19.3,55457,1182.39,976.91,205.48,2025-11-22 19:12:45.533458
MC00255,P00023,DR00046,2024-01-06,I91.5,68540,4913.66,3278.17,1635.49,2025-11-22 19:12:45.533471
MC00256,P00178,DR00005,2024-11-29,I42.1,10167,155.84,106.57,49.27,2025-11-22 19:12:45.533490
MC00257,P00108,DR00011,2024-09-25,I73.6,56036,335.92,260.43,75.49,2025-11-22 19:12:45.533509
MC00258,P00123,DR00037,2024-01-26,I97.3,31319,2775.52,1777.92,997.6,2025-11-22 19:12:45.533535
MC00259,P00009,DR00019,2025-11-02,I50.4,23726,2311.31,2125.66,185.65,2025-11-22 19:12:45.533546
MC00260,P00097,DR00011,2025-09-07,I80.1,54295,463.58,309.69,153.89,2025-11-22 19:12:45.533555
MC00261,P00124,DR00046,2025-10-22,I65.2,89602,3010.75,2545.46,465.29,2025-11-22 19:12:45.533565
MC00262,P00026,DR00022,2025-04-26,I34.6,82628,4459.79,2956.13,1503.66,2025-11-22 19:12:45.533574
MC00263,P00068,DR00043,2025-02-07,I48.3,22571,3637.99,3245.05,392.94,2025-11-22 19:12:45.533583
MC00264,P00126,DR00010,2025-09-28,I56.0,66047,343.21,284.42,58.79,2025-11-22 19:12:45.533614
MC00265,P00161,DR00039,2024-07-19,I35.1,13373,529.38,492.09,37.29,2025-11-22 19:12:45.533637
MC00266,P00021,DR00031,2025-07-27,I49.6,71727,1114.07,952.84,161.23,2025-11-22 19:12:45.533656
MC00267,P00024,DR00042,2024-05-14,I59.2,58630,2496.57,2158.08,338.49,2025-11-22 19:12:45.533675
MC00268,P00115,DR00003,2025-02-26,I66.7,44524,4438.91,3319.24,1119.67,2025-11-22 19:12:45.533711
MC00269,P00016,DR00010,2023-12-10,I95.1,21233,1208.59,854.99,353.6,2025-11-22 19:12:45.533729
MC00270,P00106,DR00049,2024-03-29,I39.8,17993,3373.89,3115.02,258.87,2025-11-22 19:12:45.533742
MC00271,P00108,DR00035,2023-12-20,I70.9,40886,4219.91,3913.38,306.53,2025-11-22 19:12:45.533760
MC00272,P00183,DR00003,2024-06-26,I83.8,84905,2433.69,1537.07,896.62,2025-11-22 19:12:45.533779
MC00273,P00031,DR00049,2024-08-20,I32.2,37772,3419.92,2900.47,519.45,2025-11-22 19:12:45.533791
MC00274,P00109,DR00006,2023-12-24,I65.3,92211,4061.46,2641.88,1419.58,2025-11-22 19:12:45.533805
MC00275,P00082,DR00047,2025-09-15,I21.6,82923,824.6,691.03,133.57,2025-11-22 19:12:45.533824
MC00276,P00071,DR00034,2024-08-10,I11.9,87014,2047.04,1495.26,551.78,2025-11-22 19:12:45.533843
MC00277,P00107,DR00010,2025-06-24,I82.9,86372,2660.55,2042.87,617.68,2025-11-22 19:12:45.533859
MC00278,P00028,DR00037,2025-08-11,I46.8,55071,3816.05,3723.93,92.12,2025-11-22 19:12:45.533871
MC00279,P00168,DR00032,2024-04-16,I87.7,14910,4401.68,3106.07,1295.61,2025-11-22 19:12:45.533881
MC00280,P00159,DR00039,2023-12-26,I98.6,15083,943.78,718.4,225.38,2025-11-22 19:12:45.533899
MC00281,P00177,DR00016,2025-10-03,I70.4,58816,2039.38,1940.64,98.74,2025-11-22 19:12:45.533910
MC00282,P00078,DR00020,2025-02-08,I72.1,39878,199.14,184.59,14.55,2025-11-22 19:12:45.533919
MC00283,P00114,DR00050,2024-12-29,I44.6,89295,758.49,750.67,7.82,2025-11-22 19:12:45.533934
MC00284,P00055,DR00027,2024-07-14,I76.5,17367,3263.22,2203.24,1059.98,2025-11-22 19:12:45.533952
MC00285,P00080,DR00046,2024-06-22,I61.2,78719,2624.82,1741.8,883.02,2025-11-22 19:12:45.533968
MC00286,P00050,DR00013,2025-09-24,I41.0,69827,4408.73,2696.29,1712.44,2025-11-22 19:12:45.533984
MC00287,P00051,DR00018,2024-11-10,I69.8,62028,347.74,258.77,88.97,2025-11-22 19:12:45.534002
MC00288,P00008,DR00016,2024-11-06,I72.9,68471,3213.51,2087.33,1126.18,2025-11-22 19:12:45.534032
MC00289,P00151,DR00036,2024-11-29,I54.2,43903,970.16,919.9,50.26,2025-11-22 19:12:45.534050
MC00290,P00073,DR00002,2024-10-23,I16.2,85007,3769.91,3300.71,469.2,2025-11-22 19:12:45.534071
MC00291,P00057,DR00042,2025-04-06,I96.3,45269,3921.17,2688.85,1232.32,2025-11-22 19:12:45.534104
MC00292,P00200,DR00050,2023-12-25,I11.7,27342,3292.78,2651.72,641.06,2025-11-22 19:12:45.534114
MC00293,P00003,DR00015,2025-03-09,I87.4,94245,3272.12,2750.08,522.04,2025-11-22 19:12:45.534126
MC00294,P00090,DR00030,2025-03-09,I37.7,49602,1449.35,1388.76,60.59,2025-11-22 19:12:45.534136
MC00295,P00102,DR00038,2025-08-10,I10.8,96816,3418.26,3178.04,240.22,2025-11-22 19:12:45.534145
MC00296,P00144,DR00042,2024-03-24,I87.4,49121,4835.78,4525.09,310.69,2025-11-22 19:12:45.534162
MC00297,P00087,DR00018,2024-02-06,I51.4,44229,3453.62,2737.67,715.95,2025-11-22 19:12:45.534172
MC00298,P00167,DR00020,2025-05-14,I29.8,41496,3314.99,3251.59,63.4,2025-11-22 19:12:45.534182
MC00299,P00154,DR00026,2024-01-16,I50.2,13336,4508.47,4157.58,350.89,2025-11-22 19:12:45.534192
MC00300,P00067,DR00027,2024-10-04,I59.0,86418,3311.46,3308.11,3.35,2025-11-22 19:12:45.534206
MC00301,P00049,DR00022,2023-11-23,I38.8,93665,3569.54,2958.5,611.04,2025-11-22 19:12:45.534219
MC00302,P00172,DR00023,2024-06-21,I48.2,96194,3946.0,3798.46,147.54,2025-11-22 19:12:45.534230
MC00303,P00025,DR00031,2025-07-14,I43.8,33995,4394.82,2955.32,1439.5,2025-11-22 19:12:45.534240
MC00304,P00168,DR00006,2025-04-09,I55.3,50250,4739.92,4549.55,190.37,2025-11-22 19:12:45.534249
MC00305,P00096,DR00017,2024-04-02,I47.7,25437,2160.32,2062.54,97.78,2025-11-22 19:12:45.534258
MC00306,P00150,DR00038,2024-02-26,I19.7,35499,2405.63,2277.07,128.56,2025-11-22 19:12:45.534277
MC00307,P00098,DR00034,2025-01-21,I62.0,29762,2552.34,2417.06,135.28,2025-11-22 19:12:45.534295
MC00308,P00105,DR00037,2024-08-11,I28.5,33639,773.09,525.79,247.3,2025-11-22 19:12:45.534313
MC00309,P00162,DR00012,2025-01-06,I91.0,10617,3916.81,3113.99,802.82,2025-11-22 19:12:45.534323
MC00310,P00199,DR00011,2024-04-11,I30.7,21539,2315.06,1582.93,732.13,2025-11-22 19:12:45.534335
MC00311,P00110,DR00026,2024-09-09,I71.6,10611,734.09,567.81,166.28,2025-11-22 19:12:45.534344
MC00312,P00096,DR00001,2024-12-28,I77.3,12348,284.85,193.63,91.22,2025-11-22 19:12:45.534366
MC00313,P00064,DR00015,2023-12-13,I54.4,26899,3416.07,2905.96,510.11,2025-11-22 19:12:45.534385
MC00314,P00079,DR00011,2025-09-17,I15.4,48119,603.27,483.42,119.85,2025-11-22 19:12:45.534401
MC00315,P00135,DR00022,2024-09-04,I97.2,54922,2334.04,1886.17,447.87,2025-11-22 19:12:45.534415
MC00316,P00193,DR00013,2025-06-07,I61.0,39939,4981.08,3965.3,1015.78,2025-11-22 19:12:45.534433
MC00317,P00055,DR00047,2025-10-31,I85.8,32149,1199.17,1191.92,7.25,2025-11-22 19:12:45.534456
MC00318,P00010,DR00025,2024-02-06,I42.8,91675,703.49,622.2,81.29,2025-11-22 19:12:45.534472
MC00319,P00170,DR00007,2024-01-23,I12.0,25176,338.08,337.36,0.72,2025-11-22 19:12:45.534482
MC00320,P00141,DR00017,2024-07-25,I99.2,36934,2142.2,1611.15,531.05,2025-11-22 19:12:45.534491
MC00321,P00078,DR00027,2024-01-15,I22.8,45386,3506.44,2987.92,518.52,2025-11-22 19:12:45.534507
MC00322,P00108,DR00007,2024-06-17,I89.1,47054,3151.71,2774.42,377.29,2025-11-22 19:12:45.534518
MC00323,P00051,DR00039,2025-05-02,I43.8,36433,658.66,423.19,235.47,2025-11-22 19:12:45.534527
MC00324,P00042,DR00003,2024-05-10,I73.3,73001,1853.82,1416.14,437.68,2025-11-22 19:12:45.534542
MC00325,P00172,DR00006,2025-08-01,I83.7,29548,1719.96,1033.86,686.1,2025-11-22 19:12:45.534552
MC00326,P00020,DR00047,2025-08-11,I42.3,69867,4752.29,4333.19,419.1,2025-11-22 19:12:45.534563
MC00327,P00119,DR00004,2025-08-12,I32.0,48085,4944.46,3552.14,1392.32,2025-11-22 19:12:45.534581
MC00328,P00110,DR00048,2025-07-27,I22.0,11267,1865.05,1623.91,241.14,2025-11-22 19:12:45.534609
MC00329,P00044,DR00022,2024-11-21,I66.9,45167,4274.79,3699.16,575.63,2025-11-22 19:12:45.534635
MC00330,P00088,DR00012,2025-07-29,I61.6,69839,4404.53,2806.48,1598.05,2025-11-22 19:12:45.534645
MC00331,P00123,DR00027,2024-01-28,I31.1,27368,1431.98,1080.12,351.86,2025-11-22 19:12:45.534654
MC00332,P00041,DR00007,2024-09-22,I85.7,84572,3511.23,2189.11,1322.12,2025-11-22 19:12:45.534671
MC00333,P00098,DR00050,2024-11-20,I88.0,99714,3424.13,2302.74,1121.39,2025-11-22 19:12:45.534686
MC00334,P00034,DR00031,2024-07-11,I24.6,67761,4411.76,3930.49,481.27,2025-11-22 19:12:45.534710
MC00335,P00081,DR00001,2023-12-02,I96.8,85582,325.26,229.19,96.07,2025-11-22 19:12:45.534736
MC00336,P00172,DR00022,2024-06-09,I76.9,22483,3646.49,2514.6,1131.89,2025-11-22 19:12:45.534755
MC00337,P00124,DR00023,2024-01-13,I96.6,29484,2220.95,1978.11,242.84,2025-11-22 19:12:45.534775
MC00338,P00157,DR00004,2025-11-11,I92.2,76265,4211.26,3467.29,743.97,2025-11-22 19:12:45.534797
MC00339,P00043,DR00005,2024-07-07,I51.3,53371,4259.34,4006.97,252.37,2025-11-22 19:12:45.534807
MC00340,P00058,DR00036,2024-02-03,I58.6,40801,4853.71,3009.98,1843.73,2025-11-22 19:12:45.534817
MC00341,P00147,DR00029,2025-08-24,I73.7,51426,486.27,378.16,108.11,2025-11-22 19:12:45.534828
MC00342,P00168,DR00002,2025-08-09,I61.6,14696,681.66,544.61,137.05,2025-11-22 19:12:45.534861
MC00343,P00024,DR00039,2024-02-28,I91.4,76628,2829.94,1698.16,1131.78,2025-11-22 19:12:45.534906
MC00344,P00117,DR00022,2024-11-15,I16.3,69566,2855.43,2460.92,394.51,2025-11-22 19:12:45.534938
MC00345,P00154,DR00031,2024-01-20,I56.7,24945,1726.67,1566.03,160.64,2025-11-22 19:12:45.534962
MC00346,P00001,DR00022,2024-11-24,I91.4,81786,577.44,498.66,78.78,2025-11-22 19:12:45.534972
MC00347,P00012,DR00011,2024-07-06,I27.6,24019,2657.73,2341.03,316.7,2025-11-22 19:12:45.534991
MC00348,P00031,DR00026,2025-04-16,I68.3,54293,1346.02,913.1,432.92,2025-11-22 19:12:45.535010
MC00349,P00163,DR00044,2024-03-30,I25.7,69950,628.05,480.95,147.1,2025-11-22 19:12:45.535027
MC00350,P00035,DR00032,2025-11-18,I77.0,82512,3326.44,3268.15,58.29,2025-11-22 19:12:45.535071
MC00351,P00124,DR00033,2025-05-25,I98.9,32760,4683.01,4381.08,301.93,2025-11-22 19:12:45.535093
MC00352,P00100,DR00043,2024-03-18,I87.5,76074,3679.42,2396.6,1282.82,2025-11-22 19:12:45.535109
MC00353,P00156,DR00045,2025-03-13,I45.6,54939,4418.81,3391.29,1027.52,2025-11-22 19:12:45.535124
MC00354,P00035,DR00009,2024-09-26,I87.8,49179,4855.41,3792.75,1062.66,2025-11-22 19:12:45.535147
MC00355,P00081,DR00046,2024-05-05,I90.3,36330,4231.06,3465.76,765.3,2025-11-22 19:12:45.535166
MC00356,P00176,DR00023,2024-01-04,I26.2,76046,1127.59,998.77,128.82,2025-11-22 19:12:45.535186
MC00357,P00182,DR00008,2024-11-27,I81.7,86389,2758.21,2357.58,400.63,2025-11-22 19:12:45.535195
MC00358,P00107,DR00044,2024-05-25,I46.6,11673,2896.13,2510.55,385.58,2025-11-22 19:12:45.535205
MC00359,P00038,DR00004,2024-01-06,I17.3,44993,2661.38,1623.73,1037.65,2025-11-22 19:12:45.535215
MC00360,P00074,DR00044,2025-03-11,I28.0,48684,3775.91,2508.62,1267.29,2025-11-22 19:12:45.535236
MC00361,P00092,DR00029,2025-08-10,I88.8,39400,1099.6,897.79,201.81,2025-11-22 19:12:45.535254
MC00362,P00061,DR00033,2023-12-11,I46.0,60014,3737.82,3081.86,655.96,2025-11-22 19:12:45.535264
MC00363,P00176,DR00021,2024-05-06,I16.0,42943,1999.02,1964.4,34.62,2025-11-22 19:12:45.535273
MC00364,P00114,DR00015,2024-02-13,I92.5,87120,1095.13,1037.68,57.45,2025-11-22 19:12:45.535288
MC00365,P00199,DR00047,2025-05-08,I47.7,33255,2778.41,2337.63,440.78,2025-11-22 19:12:45.535298
MC00366,P00045,DR00048,2024-06-14,I25.6,15326,4918.92,3097.87,1821.05,2025-11-22 19:12:45.535312
MC00367,P00034,DR00011,2024-04-03,I42.0,53327,2199.69,1809.55,390.14,2025-11-22 19:12:45.535322
MC00368,P00011,DR00010,2024-12-27,I86.0,91968,2385.02,2325.39,59.63,2025-11-22 19:12:45.535332
MC00369,P00126,DR00037,2024-05-08,I55.1,51662,3116.48,2695.0,421.48,2025-11-22 19:12:45.535342
MC00370,P00134,DR00005,2024-06-23,I30.6,81182,2674.44,2628.43,46.01,2025-11-22 19:12:45.535352
MC00371,P00057,DR00014,2024-01-13,I52.5,57290,2731.48,1739.35,992.13,2025-11-22 19:12:45.535370
MC00372,P00159,DR00034,2024-07-24,I81.0,25036,1538.51,1507.93,30.58,2025-11-22 19:12:45.535396
MC00373,P00165,DR00040,2024-02-25,I41.0,99463,3377.8,2628.83,748.97,2025-11-22 19:12:45.535409
MC00374,P00030,DR00025,2025-03-05,I79.4,13238,4439.73,3341.11,1098.62,2025-11-22 19:12:45.535418
MC00375,P00096,DR00033,2024-06-20,I67.7,15747,4565.55,4240.68,324.87,2025-11-22 19:12:45.535427
MC00376,P00083,DR00033,2025-08-30,I22.2,80513,1552.53,1336.12,216.41,2025-11-22 19:12:45.535446
MC00377,P00054,DR00043,2024-02-17,I37.6,23621,2712.71,2307.9,404.81,2025-11-22 19:12:45.535462
MC00378,P00190,DR00050,2024-09-03,I92.1,99921,1107.34,1031.49,75.85,2025-11-22 19:12:45.535480
MC00379,P00085,DR00003,2025-08-25,I19.0,33329,853.4,668.8,184.6,2025-11-22 19:12:45.535508
MC00380,P00148,DR00015,2025-03-03,I62.6,69129,3991.65,3286.06,705.59,2025-11-22 19:12:45.535527
MC00381,P00005,DR00025,2024-01-03,I25.8,10773,3188.06,2465.04,723.02,2025-11-22 19:12:45.535551
MC00382,P00194,DR00048,2024-04-02,I15.1,56884,3242.97,2747.9,495.07,2025-11-22 19:12:45.535565
MC00383,P00176,DR00020,2024-03-11,I21.4,67367,4647.43,2985.76,1661.67,2025-11-22 19:12:45.535583
MC00384,P00008,DR00031,2025-06-15,I78.3,27875,1968.93,1828.84,140.09,2025-11-22 19:12:45.535601
MC00385,P00140,DR00019,2024-02-12,I28.4,98773,3759.09,3453.51,305.58,2025-11-22 19:12:45.535620
MC00386,P00187,DR00042,2024-11-05,I11.8,82754,4446.19,4384.59,61.6,2025-11-22 19:12:45.535639
MC00387,P00147,DR00039,2024-10-15,I78.8,21157,792.73,488.88,303.85,2025-11-22 19:12:45.535659
MC00388,P00186,DR00023,2025-04-20,I62.8,28671,1592.99,1432.61,160.38,2025-11-22 19:12:45.535669
MC00389,P00065,DR00013,2025-07-28,I33.9,17128,888.68,611.69,276.99,2025-11-22 19:12:45.535678
MC00390,P00141,DR00030,2024-02-01,I80.1,48096,4271.8,4156.24,115.56,2025-11-22 19:12:45.535687
MC00391,P00051,DR00047,2024-04-07,I72.5,56810,3391.26,2374.81,1016.45,2025-11-22 19:12:45.535697
MC00392,P00026,DR00019,2024-02-27,I18.3,51652,728.25,627.89,100.36,2025-11-22 19:12:45.536100
MC00393,P00169,DR00020,2023-12-13,I84.2,84128,2480.72,1814.25,666.47,2025-11-22 19:12:45.536150
MC00394,P00110,DR00011,2025-11-18,I50.3,39035,2877.62,2656.27,221.35,2025-11-22 19:12:45.536174
MC00395,P00071,DR00024,2025-07-08,I96.5,72908,3589.78,3074.06,515.72,2025-11-22 19:12:45.536190
MC00396,P00079,DR00032,2024-05-07,I23.2,94613,2367.96,1760.57,607.39,2025-11-22 19:12:45.536235
MC00397,P00036,DR00035,2025-05-05,I43.1,19882,3072.48,2878.04,194.44,2025-11-22 19:12:45.536270
MC00398,P00162,DR00002,2024-04-06,I84.6,87337,4471.32,4202.3,269.02,2025-11-22 19:12:45.536296
MC00399,P00067,DR00035,2024-05-19,I70.2,57948,1142.53,702.27,440.26,2025-11-22 19:12:45.536313
MC00400,P00151,DR00047,2025-01-29,I27.7,75683,2023.24,1935.38,87.86,2025-11-22 19:12:45.536332
MC00401,P00129,DR00001,2024-01-14,I40.9,99674,2601.02,1973.43,627.59,2025-11-22 19:12:45.536373
MC00402,P00115,DR00011,2025-05-23,I82.9,96430,912.63,735.26,177.37,2025-11-22 19:12:45.536399
MC00403,P00188,DR00031,2024-11-20,I15.3,73916,4373.76,2880.03,1493.73,2025-11-22 19:12:45.536409
MC00404,P00060,DR00003,2024-01-08,I36.8,57349,1235.57,871.99,363.58,2025-11-22 19:12:45.536419
MC00405,P00012,DR00003,2024-01-28,I51.1,78337,2001.66,1935.93,65.73,2025-11-22 19:12:45.536429
MC00406,P00190,DR00017,2024-04-09,I79.9,32786,3204.48,2273.25,931.23,2025-11-22 19:12:45.536439
MC00407,P00151,DR00042,2025-09-04,I76.4,59326,1945.63,1461.96,483.67,2025-11-22 19:12:45.536454
MC00408,P00104,DR00023,2024-12-04,I72.7,89195,4866.1,3353.52,1512.58,2025-11-22 19:12:45.536482
MC00409,P00113,DR00011,2025-04-01,I19.8,94341,132.33,126.09,6.24,2025-11-22 19:12:45.536498
MC00410,P00041,DR00024,2024-03-16,I25.3,64344,1475.97,974.28,501.69,2025-11-22 19:12:45.536516
MC00411,P00124,DR00044,2024-07-20,I71.3,87436,4074.75,3618.79,455.96,2025-11-22 19:12:45.536548
MC00412,P00006,DR00016,2025-10-09,I26.9,87640,890.11,830.78,59.33,2025-11-22 19:12:45.536566
MC00413,P00011,DR00037,2025-06-25,I17.2,43850,889.53,757.72,131.81,2025-11-22 19:12:45.536583
MC00414,P00104,DR00039,2024-04-24,I91.0,96736,4619.99,3726.74,893.25,2025-11-22 19:12:45.536609
MC00415,P00056,DR00029,2024-03-11,I70.7,32356,4124.39,4037.37,87.02,2025-11-22 19:12:45.536621
MC00416,P00037,DR00038,2025-05-20,I89.8,44671,1174.88,897.97,276.91,2025-11-22 19:12:45.536646
MC00417,P00117,DR00039,2024-03-28,I18.3,59572,921.84,805.91,115.93,2025-11-22 19:12:45.536657
MC00418,P00052,DR00034,2024-06-24,I97.6,29603,1988.76,1279.62,709.14,2025-11-22 19:12:45.536679
MC00419,P00158,DR00039,2025-10-14,I78.8,25403,3067.0,2057.86,1009.14,2025-11-22 19:12:45.536696
MC00420,P00155,DR00035,2025-11-21,I96.6,78425,556.63,480.79,75.84,2025-11-22 19:12:45.536707
MC00421,P00179,DR00034,2024-09-09,I39.7,59969,2161.35,2053.13,108.22,2025-11-22 19:12:45.536717
MC00422,P00195,DR00045,2024-04-12,I22.6,27548,1817.54,1675.5,142.04,2025-11-22 19:12:45.536726
MC00423,P00022,DR00019,2024-03-20,I79.6,43791,1347.14,1220.97,126.17,2025-11-22 19:12:45.536736
MC00424,P00002,DR00037,2024-06-05,I25.8,10942,1026.2,906.81,119.39,2025-11-22 19:12:45.536754
MC00425,P00081,DR00027,2024-11-17,I23.2,65846,1937.65,1321.8,615.85,2025-11-22 19:12:45.536764
MC00426,P00138,DR00028,2024-04-23,I56.9,46118,3292.72,2309.69,983.03,2025-11-22 19:12:45.536773
MC00427,P00053,DR00027,2024-05-06,I81.7,33425,4959.81,3764.4,1195.41,2025-11-22 19:12:45.536803
MC00428,P00065,DR00020,2024-04-10,I54.6,28096,1914.04,1573.27,340.77,2025-11-22 19:12:45.536836
MC00429,P00192,DR00015,2024-08-22,I99.2,23143,4289.49,3704.89,584.6,2025-11-22 19:12:45.536855
MC00430,P00087,DR00036,2024-03-04,I99.0,31068,1150.84,874.9,275.94,2025-11-22 19:12:45.536868
MC00431,P00024,DR00010,2024-07-28,I86.6,21552,2006.61,1714.35,292.26,2025-11-22 19:12:45.536895
MC00432,P00021,DR00039,2025-10-15,I59.6,90473,413.99,285.12,128.87,2025-11-22 19:12:45.536905
MC00433,P00153,DR00004,2025-05-27,I91.7,67536,3315.26,2369.04,946.22,2025-11-22 19:12:45.536915
MC00434,P00133,DR00019,2025-05-07,I14.9,76918,152.48,143.37,9.11,2025-11-22 19:12:45.536934
MC00435,P00044,DR00044,2025-10-17,I56.3,95854,2627.49,1819.98,807.51,2025-11-22 19:12:45.536951
MC00436,P00071,DR00050,2024-10-09,I55.6,63143,101.41,67.23,34.18,2025-11-22 19:12:45.536969
MC00437,P00189,DR00046,2025-09-13,I21.8,47289,2971.79,2398.52,573.27,2025-11-22 19:12:45.536988
MC00438,P00150,DR00023,2024-12-02,I45.3,89477,3658.08,3012.96,645.12,2025-11-22 19:12:45.537006
MC00439,P00104,DR00037,2025-11-18,I43.2,63363,4818.98,3767.98,1051.0,2025-11-22 19:12:45.537021
MC00440,P00129,DR00019,2024-12-09,I24.8,43776,2580.57,2124.98,455.59,2025-11-22 19:12:45.537039
MC00441,P00148,DR00017,2023-12-13,I66.6,83815,4392.95,4064.62,328.33,2025-11-22 19:12:45.537049
MC00442,P00087,DR00050,2024-08-10,I97.7,86916,2469.79,1722.21,747.58,2025-11-22 19:12:45.537061
MC00443,P00067,DR00005,2024-10-27,I91.3,98724,4323.91,3427.94,895.97,2025-11-22 19:12:45.537073
MC00444,P00106,DR00023,2024-06-12,I78.0,44517,3535.76,3253.13,282.63,2025-11-22 19:12:45.537083
MC00445,P00173,DR00048,2024-12-07,I19.8,33394,1316.46,838.85,477.61,2025-11-22 19:12:45.537093
MC00446,P00147,DR00018,2025-05-19,I97.3,75404,2435.12,1805.43,629.69,2025-11-22 19:12:45.537104
MC00447,P00062,DR00017,2025-04-25,I39.3,42728,3711.85,2575.82,1136.03,2025-11-22 19:12:45.537128
MC00448,P00200,DR00007,2025-07-23,I20.7,90455,4198.04,3116.67,1081.37,2025-11-22 19:12:45.537138
MC00449,P00011,DR00031,2024-11-07,I89.5,74532,132.46,124.89,7.57,2025-11-22 19:12:45.537147
MC00450,P00148,DR00018,2024-07-08,I33.8,46735,4500.79,4286.53,214.26,2025-11-22 19:12:45.537160
MC00451,P00033,DR00004,2024-06-02,I64.7,80879,2049.61,1844.79,204.82,2025-11-22 19:12:45.537170
MC00452,P00176,DR00050,2025-05-28,I68.1,77922,259.56,191.79,67.77,2025-11-22 19:12:45.537206
MC00453,P00004,DR00044,2025-04-21,I58.9,23205,2354.35,2061.67,292.68,2025-11-22 19:12:45.537226
MC00454,P00067,DR00012,2024-05-10,I43.3,45311,1694.64,1432.16,262.48,2025-11-22 19:12:45.537240
MC00455,P00094,DR00012,2024-06-30,I64.3,64931,2409.59,2036.67,372.92,2025-11-22 19:12:45.537249
MC00456,P00103,DR00018,2024-08-18,I33.9,27188,3533.49,2646.31,887.18,2025-11-22 19:12:45.537274
MC00457,P00026,DR00047,2025-02-19,I40.8,66651,4898.44,4283.22,615.22,2025-11-22 19:12:45.537293
MC00458,P00190,DR00010,2024-07-26,I11.2,65249,4295.91,2914.45,1381.46,2025-11-22 19:12:45.537315
MC00459,P00162,DR00034,2024-05-25,I50.7,49326,2548.03,2543.51,4.52,2025-11-22 19:12:45.537328
MC00460,P00013,DR00026,2025-08-13,I98.2,17869,1329.77,1254.51,75.26,2025-11-22 19:12:45.537354
MC00461,P00162,DR00007,2024-08-19,I52.4,57312,1155.79,811.04,344.75,2025-11-22 19:12:45.537380
MC00462,P00066,DR00023,2025-11-02,I62.1,56018,1865.5,1535.3,330.2,2025-11-22 19:12:45.537396
MC00463,P00051,DR00037,2024-04-12,I93.8,32877,4350.11,4285.93,64.18,2025-11-22 19:12:45.537406
MC00464,P00084,DR00044,2024-06-18,I72.7,20277,4898.93,3497.07,1401.86,2025-11-22 19:12:45.537415
MC00465,P00162,DR00010,2025-06-04,I91.5,65288,1967.25,1405.82,561.43,2025-11-22 19:12:45.537425
MC00466,P00019,DR00006,2025-06-10,I53.3,51088,3193.24,2646.09,547.15,2025-11-22 19:12:45.537434
MC00467,P00069,DR00039,2024-02-01,I60.4,68313,1652.7,1184.23,468.47,2025-11-22 19:12:45.537446
MC00468,P00192,DR00038,2024-06-07,I67.6,31930,3926.77,3830.6,96.17,2025-11-22 19:12:45.537465
MC00469,P00187,DR00016,2024-01-15,I42.1,37600,1001.04,609.87,391.17,2025-11-22 19:12:45.537484
MC00470,P00017,DR00031,2024-05-10,I16.0,62037,917.86,588.54,329.32,2025-11-22 19:12:45.537495
MC00471,P00027,DR00017,2024-02-29,I29.1,95830,2667.52,2663.27,4.25,2025-11-22 19:12:45.537513
MC00472,P00059,DR00016,2025-02-05,I66.2,27206,4664.79,3526.29,1138.5,2025-11-22 19:12:45.537522
MC00473,P00009,DR00043,2024-11-22,I51.7,71235,2681.04,1791.59,889.45,2025-11-22 19:12:45.537532
MC00474,P00070,DR00036,2024-08-24,I27.8,33204,4877.41,3981.11,896.3,2025-11-22 19:12:45.537541
MC00475,P00192,DR00041,2024-04-24,I65.8,93858,2995.07,2343.99,651.08,2025-11-22 19:12:45.537551
MC00476,P00089,DR00031,2024-05-19,I39.1,67915,3233.69,2340.75,892.94,2025-11-22 19:12:45.537560
MC00477,P00040,DR00020,2025-11-12,I10.8,27865,1608.55,1230.35,378.2,2025-11-22 19:12:45.537569
MC00478,P00003,DR00045,2024-07-07,I71.4,11197,1785.04,1406.04,379.0,2025-11-22 19:12:45.537582
MC00479,P00153,DR00015,2025-11-15,I80.5,34716,3852.76,3541.4,311.36,2025-11-22 19:12:45.537597
MC00480,P00102,DR00016,2025-06-08,I92.6,59592,2117.51,1745.3,372.21,2025-11-22 19:12:45.537617
MC00481,P00161,DR00016,2024-06-11,I88.4,47313,1180.9,745.96,434.94,2025-11-22 19:12:45.537629
MC00482,P00069,DR00027,2025-05-14,I18.2,27907,3277.44,2663.83,613.61,2025-11-22 19:12:45.537639
MC00483,P00159,DR00029,2025-02-17,I99.9,74486,1519.02,1298.39,220.63,2025-11-22 19:12:45.537653
MC00484,P00013,DR00035,2025-10-31,I33.1,46977,1020.17,620.02,400.15,2025-11-22 19:12:45.537672
MC00485,P00187,DR00001,2025-03-29,I21.2,11930,1419.06,1257.4,161.66,2025-11-22 19:12:45.537690
MC00486,P00080,DR00032,2024-11-07,I69.0,53286,2518.54,1855.57,662.97,2025-11-22 19:12:45.537704
MC00487,P00038,DR00004,2025-02-23,I60.1,81197,493.09,443.89,49.2,2025-11-22 19:12:45.537714
MC00488,P00065,DR00025,2025-11-10,I25.3,60436,2403.72,1627.02,776.7,2025-11-22 19:12:45.537734
MC00489,P00189,DR00003,2025-05-03,I68.1,78306,3879.0,3014.7,864.3,2025-11-22 19:12:45.537761
MC00490,P00100,DR00044,2025-01-07,I51.2,92465,3363.44,2298.5,1064.94,2025-11-22 19:12:45.537781
MC00491,P00141,DR00034,2025-07-20,I42.7,93692,3668.36,3293.78,374.58,2025-11-22 19:12:45.537792
MC00492,P00014,DR00043,2025-04-13,I24.3,92956,1564.18,1164.02,400.16,2025-11-22 19:12:45.537812
MC00493,P00071,DR00038,2025-07-23,I60.3,11170,2227.39,1349.86,877.53,2025-11-22 19:12:45.537826
MC00494,P00177,DR00031,2023-12-19,I86.2,58679,4847.29,4035.03,812.26,2025-11-22 19:12:45.537839
MC00495,P00128,DR00006,2023-12-21,I89.5,91937,3876.91,2711.86,1165.05,2025-11-22 19:12:45.537849
MC00496,P00040,DR00045,2024-05-22,I23.2,73942,394.26,292.62,101.64,2025-11-22 19:12:45.537858
MC00497,P00166,DR00049,2024-12-02,I66.3,12798,1240.11,1231.02,9.09,2025-11-22 19:12:45.537868
MC00498,P00035,DR00017,2025-10-13,I72.7,83272,3477.32,2584.58,892.74,2025-11-22 19:12:45.537877
MC00499,P00049,DR00037,2025-05-15,I79.5,52425,1544.1,1356.98,187.12,2025-11-22 19:12:45.537888
MC00500,P00154,DR00036,2025-06-11,I18.8,30319,3688.77,2619.51,1069.26,2025-11-22 19:12:45.537906
MC00501,P00139,DR00024,2024-08-15,I10.8,59681,2301.98,2135.7,166.28,2025-11-22 19:12:45.537929
MC00502,P00159,DR00024,2024-02-26,I40.5,18302,3694.92,3521.9,173.02,2025-11-22 19:12:45.537946
MC00503,P00100,DR00013,2024-06-04,I97.7,82281,3325.62,2712.32,613.3,2025-11-22 19:12:45.537956
MC00504,P00105,DR00042,2024-12-28,I24.1,78576,855.24,610.0,245.24,2025-11-22 19:12:45.537973
MC00505,P00034,DR00012,2025-10-21,I35.1,73618,3328.57,2055.43,1273.14,2025-11-22 19:12:45.537984
MC00506,P00165,DR00025,2024-01-19,I72.8,91785,1038.92,636.57,402.35,2025-11-22 19:12:45.537993
MC00507,P00094,DR00015,2024-03-12,I19.0,37359,3536.44,2483.91,1052.53,2025-11-22 19:12:45.538008
MC00508,P00021,DR00030,2024-02-07,I17.5,83140,3313.17,3218.29,94.88,2025-11-22 19:12:45.538018
MC00509,P00095,DR00046,2025-09-24,I88.4,79339,3743.04,3578.99,164.05,2025-11-22 19:12:45.538033
MC00510,P00078,DR00005,2025-04-15,I76.1,23267,299.2,187.94,111.26,2025-11-22 19:12:45.538058
MC00511,P00049,DR00013,2024-06-02,I94.3,84714,3653.34,2968.94,684.4,2025-11-22 19:12:45.538078
MC00512,P00192,DR00036,2024-09-23,I23.9,56918,3164.09,2124.87,1039.22,2025-11-22 19:12:45.538096
MC00513,P00110,DR00007,2025-06-05,I33.8,62632,3405.01,2999.88,405.13,2025-11-22 19:12:45.538113
MC00514,P00137,DR00039,2024-08-26,I55.5,82100,2572.99,2220.52,352.47,2025-11-22 19:12:45.538132
MC00515,P00096,DR00027,2024-02-13,I65.5,89745,4958.17,3618.78,1339.39,2025-11-22 19:12:45.538141
MC00516,P00097,DR00050,2024-05-08,I42.5,69297,1279.54,1046.98,232.56,2025-11-22 19:12:45.538151
MC00517,P00186,DR00003,2025-02-04,I86.0,77844,2292.75,1739.82,552.93,2025-11-22 19:12:45.538160
MC00518,P00002,DR00020,2025-04-09,I37.5,12844,761.92,728.49,33.43,2025-11-22 19:12:45.538172
MC00519,P00071,DR00036,2024-06-17,I81.9,84922,3880.46,3792.53,87.93,2025-11-22 19:12:45.538185
MC00520,P00092,DR00010,2025-07-04,I43.5,86304,858.1,527.81,330.29,2025-11-22 19:12:45.538200
MC00521,P00077,DR00006,2024-04-17,I61.9,38499,1324.3,930.32,393.98,2025-11-22 19:12:45.538210
MC00522,P00124,DR00012,2024-07-11,I98.9,22499,3697.9,3289.03,408.87,2025-11-22 19:12:45.538221
MC00523,P00188,DR00037,2024-10-28,I20.0,53829,3016.63,2172.45,844.18,2025-11-22 19:12:45.538230
MC00524,P00107,DR00008,2025-04-04,I93.9,11498,1804.86,1672.85,132.01,2025-11-22 19:12:45.538244
MC00525,P00014,DR00020,2024-06-04,I15.5,80769,3206.05,2734.37,471.68,2025-11-22 19:12:45.538259
MC00526,P00179,DR00015,2025-06-19,I16.6,68407,2868.07,2095.79,772.28,2025-11-22 19:12:45.538272
MC00527,P00024,DR00015,2024-09-06,I47.6,29400,3788.92,3145.19,643.73,2025-11-22 19:12:45.538290
MC00528,P00147,DR00048,2025-10-03,I80.6,44413,747.73,473.33,274.4,2025-11-22 19:12:45.538308
MC00529,P00199,DR00045,2025-07-12,I27.7,83308,516.89,413.89,103.0,2025-11-22 19:12:45.538326
MC00530,P00147,DR00013,2024-04-27,I88.8,42275,1070.73,811.75,258.98,2025-11-22 19:12:45.538336
MC00531,P00111,DR00021,2023-12-22,I83.1,24749,1287.34,909.51,377.83,2025-11-22 19:12:45.538347
MC00532,P00090,DR00013,2024-12-29,I54.9,95905,3391.56,2609.52,782.04,2025-11-22 19:12:45.538362
MC00533,P00090,DR00040,2024-08-27,I89.2,67732,218.61,157.82,60.79,2025-11-22 19:12:45.538381
MC00534,P00052,DR00044,2024-11-05,I29.1,24728,319.9,296.63,23.27,2025-11-22 19:12:45.538393
MC00535,P00159,DR00010,2025-02-01,I11.5,24585,3723.95,2596.41,1127.54,2025-11-22 19:12:45.538402
MC00536,P00085,DR00014,2024-05-21,I37.3,81620,1595.08,1257.68,337.4,2025-11-22 19:12:45.538424
MC00537,P00124,DR00040,2025-07-01,I98.0,59362,2664.0,1874.03,789.97,2025-11-22 19:12:45.538443
MC00538,P00012,DR00017,2025-06-01,I17.4,36305,2956.72,2558.78,397.94,2025-11-22 19:12:45.538462
MC00539,P00014,DR00030,2024-01-22,I11.1,60940,3967.02,3360.8,606.22,2025-11-22 19:12:45.538493
MC00540,P00169,DR00024,2025-08-04,I12.4,95119,3335.83,2886.14,449.69,2025-11-22 19:12:45.538505
MC00541,P00131,DR00046,2025-08-13,I50.7,88263,1993.96,1977.84,16.12,2025-11-22 19:12:45.538514
MC00542,P00129,DR00030,2024-04-27,I12.0,42426,2704.65,1824.47,880.18,2025-11-22 19:12:45.538527
MC00543,P00126,DR00026,2025-06-15,I12.5,99694,4619.12,3334.87,1284.25,2025-11-22 19:12:45.538539
MC00544,P00061,DR00033,2025-02-13,I17.4,60747,1824.37,1550.88,273.49,2025-11-22 19:12:45.538565
MC00545,P00008,DR00036,2025-02-09,I38.2,54798,4462.97,4132.46,330.51,2025-11-22 19:12:45.538584
MC00546,P00023,DR00047,2024-10-27,I76.9,91988,4496.16,3879.16,617.0,2025-11-22 19:12:45.538597
MC00547,P00147,DR00010,2024-09-12,I49.9,53160,3463.96,2656.63,807.33,2025-11-22 19:12:45.538606
MC00548,P00168,DR00009,2024-04-07,I79.3,28102,2300.93,1501.84,799.09,2025-11-22 19:12:45.538615
MC00549,P00135,DR00009,2024-09-08,I28.9,30715,1614.09,1423.72,190.37,2025-11-22 19:12:45.538625
MC00550,P00185,DR00008,2025-05-18,I50.2,13864,1655.73,1362.56,293.17,2025-11-22 19:12:45.538635
MC00551,P00106,DR00027,2025-01-16,I66.4,29917,3850.63,3666.0,184.63,2025-11-22 19:12:45.538645
MC00552,P00048,DR00002,2024-03-06,I88.4,89377,3917.63,2517.89,1399.74,2025-11-22 19:12:45.538662
MC00553,P00060,DR00015,2023-12-20,I13.5,20417,2878.51,1992.98,885.53,2025-11-22 19:12:45.538672
MC00554,P00129,DR00039,2024-07-30,I93.5,34114,3471.89,2745.02,726.87,2025-11-22 19:12:45.538687
MC00555,P00036,DR00011,2025-05-09,I38.0,63554,4275.43,3405.71,869.72,2025-11-22 19:12:45.538706
MC00556,P00070,DR00027,2025-04-09,I95.3,36812,3846.24,2330.84,1515.4,2025-11-22 19:12:45.538724
MC00557,P00113,DR00040,2024-07-09,I98.5,69971,424.07,411.7,12.37,2025-11-22 19:12:45.538738
MC00558,P00199,DR00003,2024-03-10,I58.5,61662,4449.18,3430.42,1018.76,2025-11-22 19:12:45.538761
MC00559,P00153,DR00035,2024-06-03,I92.0,78242,3096.37,2777.4,318.97,2025-11-22 19:12:45.538781
MC00560,P00011,DR00016,2024-06-09,I78.6,15144,635.65,497.56,138.09,2025-11-22 19:12:45.538794
MC00561,P00162,DR00004,2025-05-12,I47.7,62171,2832.73,2284.46,548.27,2025-11-22 19:12:45.538804
MC00562,P00074,DR00030,2025-06-05,I64.4,90364,4433.55,4032.18,401.37,2025-11-22 19:12:45.538828
MC00563,P00037,DR00030,2024-01-31,I67.1,75622,4603.26,4032.37,570.89,2025-11-22 19:12:45.539026
MC00564,P00179,DR00035,2025-07-07,I60.6,52396,654.54,596.61,57.93,2025-11-22 19:12:45.539051
MC00565,P00152,DR00046,2025-04-30,I68.1,42778,2309.34,1550.84,758.5,2025-11-22 19:12:45.539062
MC00566,P00183,DR00011,2025-07-19,I21.1,68903,1687.97,1450.69,237.28,2025-11-22 19:12:45.539072
MC00567,P00182,DR00025,2024-06-17,I88.2,59634,3206.95,2033.6,1173.35,2025-11-22 19:12:45.539081
MC00568,P00044,DR00022,2024-04-22,I94.2,31249,2796.69,1727.13,1069.56,2025-11-22 19:12:45.539112
MC00569,P00183,DR00004,2024-09-19,I49.4,68491,4357.21,2926.07,1431.14,2025-11-22 19:12:45.539124
MC00570,P00034,DR00013,2025-11-19,I89.4,11600,1515.02,1018.52,496.5,2025-11-22 19:12:45.539137
MC00571,P00140,DR00001,2024-03-10,I73.3,38426,2347.35,2211.59,135.76,2025-11-22 19:12:45.539155
MC00572,P00105,DR00029,2025-09-02,I86.9,10861,2985.43,2359.34,626.09,2025-11-22 19:12:45.539173
MC00573,P00159,DR00041,2024-05-01,I36.0,34227,1299.09,1063.87,235.22,2025-11-22 19:12:45.539192
MC00574,P00010,DR00010,2025-10-20,I95.9,89073,826.46,711.84,114.62,2025-11-22 19:12:45.539210
MC00575,P00013,DR00007,2024-09-22,I32.2,98092,1562.36,1512.6,49.76,2025-11-22 19:12:45.539226
MC00576,P00180,DR00039,2024-04-15,I81.2,69682,1493.46,1290.9,202.56,2025-11-22 19:12:45.539244
MC00577,P00010,DR00006,2025-01-20,I51.5,59668,3771.74,2806.46,965.28,2025-11-22 19:12:45.539266
MC00578,P00141,DR00005,2025-01-27,I70.2,25993,4119.3,3721.28,398.02,2025-11-22 19:12:45.539276
MC00579,P00135,DR00027,2024-06-03,I36.3,90223,3503.64,2486.77,1016.87,2025-11-22 19:12:45.539286
MC00580,P00162,DR00034,2025-08-25,I71.9,47642,385.1,319.07,66.03,2025-11-22 19:12:45.539302
MC00581,P00067,DR00034,2024-04-13,I89.5,27001,2192.56,2059.08,133.48,2025-11-22 19:12:45.539311
MC00582,P00187,DR00041,2024-07-01,I73.2,89876,3110.02,2483.53,626.49,2025-11-22 19:12:45.539321
MC00583,P00050,DR00001,2025-07-24,I13.7,91980,1240.34,888.33,352.01,2025-11-22 19:12:45.539330
MC00584,P00054,DR00040,2024-09-24,I62.0,53750,4003.99,3583.52,420.47,2025-11-22 19:12:45.539344
MC00585,P00055,DR00001,2024-02-06,I35.4,43347,1813.29,1672.61,140.68,2025-11-22 19:12:45.539354
MC00586,P00130,DR00036,2024-12-26,I10.1,99893,3971.96,2872.16,1099.8,2025-11-22 19:12:45.539367
MC00587,P00146,DR00040,2025-10-24,I32.3,53321,1733.09,1314.41,418.68,2025-11-22 19:12:45.539391
MC00588,P00123,DR00031,2025-10-17,I92.2,73110,4185.74,4055.61,130.13,2025-11-22 19:12:45.539435
MC00589,P00138,DR00022,2024-08-06,I62.0,78298,861.39,675.54,185.85,2025-11-22 19:12:45.539449
MC00590,P00081,DR00036,2024-05-23,I12.3,85680,1566.78,1394.41,172.37,2025-11-22 19:12:45.539462
MC00591,P00091,DR00005,2025-06-23,I45.0,54453,3458.92,3181.56,277.36,2025-11-22 19:12:45.539472
MC00592,P00043,DR00037,2024-03-12,I59.2,88012,4919.73,4184.74,734.99,2025-11-22 19:12:45.539482
MC00593,P00079,DR00046,2025-01-04,I14.4,64246,672.54,613.99,58.55,2025-11-22 19:12:45.539491
MC00594,P00096,DR00029,2025-01-17,I37.8,49625,525.31,499.47,25.84,2025-11-22 19:12:45.539506
MC00595,P00010,DR00050,2025-04-30,I21.7,76321,957.56,717.87,239.69,2025-11-22 19:12:45.539521
MC00596,P00129,DR00010,2025-05-12,I53.7,78632,222.18,176.2,45.98,2025-11-22 19:12:45.539538
MC00597,P00197,DR00007,2024-06-12,I96.2,36894,1620.76,1184.67,436.09,2025-11-22 19:12:45.539557
MC00598,P00183,DR00034,2025-07-27,I10.4,15771,3650.4,2860.99,789.41,2025-11-22 19:12:45.539574
MC00599,P00023,DR00022,2024-08-01,I15.1,78233,3466.56,2903.99,562.57,2025-11-22 19:12:45.539610
MC00600,P00006,DR00037,2025-01-07,I91.3,52058,3854.28,3462.0,392.28,2025-11-22 19:12:45.539641
MC00601,P00137,DR00021,2024-08-28,I95.1,45737,1082.72,773.74,308.98,2025-11-22 19:12:45.539661
MC00602,P00004,DR00040,2024-04-28,I75.1,37076,831.67,590.03,241.64,2025-11-22 19:12:45.539679
MC00603,P00070,DR00010,2023-12-02,I46.9,42089,2758.39,2261.18,497.21,2025-11-22 19:12:45.539689
MC00604,P00087,DR00035,2024-08-25,I16.2,13800,939.25,680.53,258.72,2025-11-22 19:12:45.539699
MC00605,P00028,DR00025,2025-09-28,I21.6,61369,2406.6,2094.22,312.38,2025-11-22 19:12:45.539708
MC00606,P00152,DR00041,2023-12-17,I99.7,90781,977.02,819.18,157.84,2025-11-22 19:12:45.539721
MC00607,P00051,DR00046,2024-01-06,I78.1,71039,1842.56,1350.47,492.09,2025-11-22 19:12:45.539731
MC00608,P00179,DR00030,2025-08-15,I68.4,99715,2882.17,1836.42,1045.75,2025-11-22 19:12:45.539740
MC00609,P00121,DR00015,2025-04-07,I28.9,43823,3257.65,2953.38,304.27,2025-11-22 19:12:45.539752
MC00610,P00180,DR00043,2024-12-19,I51.7,73898,4573.02,3461.0,1112.02,2025-11-22 19:12:45.539770
MC00611,P00090,DR00031,2024-08-07,I31.4,55693,248.29,196.18,52.11,2025-11-22 19:12:45.539787
MC00612,P00027,DR00026,2025-08-05,I51.8,95124,3061.76,1993.08,1068.68,2025-11-22 19:12:45.539803
MC00613,P00119,DR00026,2024-03-28,I62.3,91379,447.53,322.6,124.93,2025-11-22 19:12:45.539813
MC00614,P00124,DR00025,2025-09-16,I53.3,87459,1294.09,858.77,435.32,2025-11-22 19:12:45.539824
MC00615,P00146,DR00022,2024-05-14,I98.3,32686,2212.63,2195.11,17.52,2025-11-22 19:12:45.539841
MC00616,P00183,DR00037,2024-07-12,I24.9,88128,3346.8,2112.36,1234.44,2025-11-22 19:12:45.539871
MC00617,P00114,DR00012,2025-01-11,I61.1,88415,2368.25,1946.78,421.47,2025-11-22 19:12:45.539899
MC00618,P00198,DR00025,2024-12-22,I73.0,21866,632.85,585.78,47.07,2025-11-22 19:12:45.539913
MC00619,P00149,DR00049,2024-02-10,I10.2,96623,1166.3,764.59,401.71,2025-11-22 19:12:45.539923
MC00620,P00100,DR00040,2024-04-10,I67.3,36956,831.16,675.32,155.84,2025-11-22 19:12:45.539940
MC00621,P00146,DR00044,2025-01-15,I65.5,21703,3439.43,2499.22,940.21,2025-11-22 19:12:45.539951
MC00622,P00131,DR00026,2025-07-15,I47.0,58394,2955.36,2496.09,459.27,2025-11-22 19:12:45.539963
MC00623,P00001,DR00046,2024-04-28,I55.1,46989,4515.27,4457.29,57.98,2025-11-22 19:12:45.539973
MC00624,P00180,DR00038,2024-10-15,I90.5,60173,4341.83,3013.65,1328.18,2025-11-22 19:12:45.539983
MC00625,P00055,DR00043,2025-05-29,I70.2,34671,2089.56,1617.48,472.08,2025-11-22 19:12:45.539999
MC00626,P00093,DR00027,2025-06-18,I46.2,27600,2821.57,2644.75,176.82,2025-11-22 19:12:45.540018
MC00627,P00037,DR00047,2024-07-12,I94.6,27796,156.85,134.79,22.06,2025-11-22 19:12:45.540036
MC00628,P00107,DR00030,2023-12-11,I87.6,91690,514.85,441.17,73.68,2025-11-22 19:12:45.540057
MC00629,P00142,DR00029,2024-10-25,I55.3,34352,981.01,788.5,192.51,2025-11-22 19:12:45.540094
MC00630,P00128,DR00047,2025-03-25,I74.4,63849,2181.38,1315.31,866.07,2025-11-22 19:12:45.540114
MC00631,P00009,DR00003,2024-04-20,I71.5,24832,4640.17,3853.85,786.32,2025-11-22 19:12:45.540133
MC00632,P00021,DR00010,2024-06-01,I45.7,77757,2943.32,2898.27,45.05,2025-11-22 19:12:45.540170
MC00633,P00023,DR00016,2024-07-27,I90.1,99662,483.35,462.07,21.28,2025-11-22 19:12:45.540190
MC00634,P00080,DR00040,2025-09-29,I53.8,11413,3205.07,2946.23,258.84,2025-11-22 19:12:45.540210
MC00635,P00121,DR00037,2024-12-18,I63.5,48616,2397.46,1930.11,467.35,2025-11-22 19:12:45.540233
MC00636,P00153,DR00048,2025-01-15,I82.4,18050,1517.12,931.71,585.41,2025-11-22 19:12:45.540267
MC00637,P00147,DR00004,2024-01-20,I47.9,13578,3183.57,2646.36,537.21,2025-11-22 19:12:45.540289
MC00638,P00130,DR00005,2025-02-11,I42.2,90713,1505.4,952.92,552.48,2025-11-22 19:12:45.540314
MC00639,P00004,DR00048,2025-07-31,I87.2,87564,1476.76,1392.8,83.96,2025-11-22 19:12:45.540333
MC00640,P00095,DR00012,2025-02-28,I99.3,73559,3720.94,3213.64,507.3,2025-11-22 19:12:45.540347
MC00641,P00009,DR00022,2025-08-28,I28.9,30204,985.97,799.58,186.39,2025-11-22 19:12:45.540357
MC00642,P00106,DR00050,2024-10-26,I40.7,93568,4204.31,3788.52,415.79,2025-11-22 19:12:45.540367
MC00643,P00089,DR00004,2024-02-04,I43.1,16884,919.69,764.36,155.33,2025-11-22 19:12:45.540379
MC00644,P00078,DR00031,2024-05-26,I39.6,99589,921.24,699.68,221.56,2025-11-22 19:12:45.540389
MC00645,P00038,DR00034,2024-09-03,I11.4,68827,3557.48,2809.83,747.65,2025-11-22 19:12:45.540399
MC00646,P00136,DR00044,2025-10-11,I22.8,93548,1971.82,1432.08,539.74,2025-11-22 19:12:45.540410
MC00647,P00157,DR00042,2025-02-16,I52.4,45007,1833.76,1719.51,114.25,2025-11-22 19:12:45.540419
MC00648,P00150,DR00026,2024-08-07,I96.3,98065,4031.35,2830.56,1200.79,2025-11-22 19:12:45.540438
MC00649,P00087,DR00044,2023-12-17,I33.5,81776,2984.75,2023.57,961.18,2025-11-22 19:12:45.540448
MC00650,P00018,DR00001,2024-09-27,I22.8,23619,151.83,91.61,60.22,2025-11-22 19:12:45.540462
MC00651,P00186,DR00019,2025-03-10,I34.0,13106,3458.95,2561.72,897.23,2025-11-22 19:12:45.540480
MC00652,P00153,DR00043,2025-04-14,I86.1,25725,3135.05,1952.36,1182.69,2025-11-22 19:12:45.540509
MC00653,P00097,DR00043,2024-01-29,I82.2,24528,523.29,440.54,82.75,2025-11-22 19:12:45.540527
MC00654,P00120,DR00043,2025-09-06,I91.7,46226,3508.7,2460.77,1047.93,2025-11-22 19:12:45.540540
MC00655,P00171,DR00050,2024-12-26,I42.2,19698,3869.86,3393.44,476.42,2025-11-22 19:12:45.540551
MC00656,P00100,DR00022,2025-09-22,I43.4,33321,1458.71,911.63,547.08,2025-11-22 19:12:45.540560
MC00657,P00052,DR00040,2024-10-16,I32.7,24212,2258.82,1799.58,459.24,2025-11-22 19:12:45.540570
MC00658,P00056,DR00040,2024-02-03,I23.7,43947,804.98,730.51,74.47,2025-11-22 19:12:45.540579
MC00659,P00147,DR00047,2025-03-11,I67.0,75234,606.11,381.34,224.77,2025-11-22 19:12:45.540589
MC00660,P00010,DR00043,2024-10-19,I44.2,53231,829.39,710.07,119.32,2025-11-22 19:12:45.540598
MC00661,P00132,DR00046,2024-07-08,I71.6,62941,4532.63,3761.43,771.2,2025-11-22 19:12:45.540609
MC00662,P00018,DR00035,2025-04-05,I10.6,73185,4235.84,3864.67,371.17,2025-11-22 19:12:45.540627
MC00663,P00092,DR00022,2023-12-25,I48.6,17234,693.9,564.92,128.98,2025-11-22 19:12:45.540644
MC00664,P00024,DR00024,2024-05-24,I53.1,70245,3198.14,3145.47,52.67,2025-11-22 19:12:45.540662
MC00665,P00052,DR00012,2024-05-04,I15.6,96603,3826.22,2739.51,1086.71,2025-11-22 19:12:45.540672
MC00666,P00028,DR00041,2023-12-18,I55.7,21123,1035.92,909.9,126.02,2025-11-22 19:12:45.540709
MC00667,P00049,DR00009,2025-10-17,I34.0,87718,4437.55,3439.96,997.59,2025-11-22 19:12:45.540729
MC00668,P00139,DR00042,2025-01-11,I73.8,68891,1268.58,958.42,310.16,2025-11-22 19:12:45.540772
MC00669,P00087,DR00004,2024-12-12,I15.6,25491,4836.21,2933.49,1902.72,2025-11-22 19:12:45.540785
MC00670,P00134,DR00030,2023-12-29,I78.2,85936,1137.22,979.76,157.46,2025-11-22 19:12:45.540797
MC00671,P00189,DR00010,2024-07-10,I93.0,71763,1241.63,780.75,460.88,2025-11-22 19:12:45.540806
MC00672,P00063,DR00045,2024-01-28,I26.0,32577,4545.18,3851.35,693.83,2025-11-22 19:12:45.540824
MC00673,P00025,DR00030,2024-03-07,I31.9,18383,3200.04,3078.01,122.03,2025-11-22 19:12:45.540834
MC00674,P00128,DR00039,2024-03-02,I38.1,36560,4107.22,2639.02,1468.2,2025-11-22 19:12:45.540844
MC00675,P00189,DR00044,2024-10-07,I51.1,99664,2188.44,2023.45,164.99,2025-11-22 19:12:45.540853
MC00676,P00055,DR00049,2025-10-07,I85.2,53975,2922.24,1913.87,1008.37,2025-11-22 19:12:45.540869
MC00677,P00194,DR00027,2025-06-03,I99.5,82536,409.79,290.77,119.02,2025-11-22 19:12:45.540887
MC00678,P00149,DR00003,2025-07-09,I22.9,59300,908.53,633.66,274.87,2025-11-22 19:12:45.540899
MC00679,P00125,DR00006,2025-11-16,I10.2,21683,3910.54,2370.77,1539.77,2025-11-22 19:12:45.540909
MC00680,P00073,DR00027,2023-12-13,I70.2,37021,3563.03,2984.01,579.02,2025-11-22 19:12:45.540926
MC00681,P00116,DR00027,2025-03-23,I32.9,14931,801.13,567.5,233.63,2025-11-22 19:12:45.540939
MC00682,P00157,DR00006,2024-02-19,I48.5,64891,3021.73,2679.91,341.82,2025-11-22 19:12:45.540958
MC00683,P00031,DR00034,2025-08-17,I89.5,80742,122.39,84.97,37.42,2025-11-22 19:12:45.540976
MC00684,P00161,DR00043,2025-04-23,I45.0,35391,2586.95,2032.53,554.42,2025-11-22 19:12:45.541003
MC00685,P00122,DR00032,2025-05-26,I30.0,17081,652.13,430.2,221.93,2025-11-22 19:12:45.541022
MC00686,P00112,DR00017,2024-12-15,I88.7,15677,3259.82,2327.6,932.22,2025-11-22 19:12:45.541041
MC00687,P00138,DR00012,2025-06-14,I13.7,77489,611.66,379.83,231.83,2025-11-22 19:12:45.541058
MC00688,P00185,DR00029,2024-03-26,I84.5,64927,668.72,640.65,28.07,2025-11-22 19:12:45.541074
MC00689,P00084,DR00015,2025-08-02,I51.3,22853,1073.88,935.07,138.81,2025-11-22 19:12:45.541089
MC00690,P00052,DR00025,2025-04-11,I19.7,86689,1261.88,965.39,296.49,2025-11-22 19:12:45.541114
MC00691,P00038,DR00014,2024-03-08,I68.2,60768,2473.6,2365.25,108.35,2025-11-22 19:12:45.541130
MC00692,P00050,DR00041,2024-11-20,I44.3,54025,1930.08,1511.44,418.64,2025-11-22 19:12:45.541148
MC00693,P00016,DR00018,2025-07-06,I24.7,70106,723.34,634.29,89.05,2025-11-22 19:12:45.541161
MC00694,P00057,DR00019,2024-03-14,I30.9,32273,2149.3,1943.26,206.04,2025-11-22 19:12:45.541172
MC00695,P00059,DR00006,2024-09-27,I76.7,38369,2932.8,2408.13,524.67,2025-11-22 19:12:45.541181
MC00696,P00072,DR00001,2024-09-10,I41.3,52899,2998.75,2803.22,195.53,2025-11-22 19:12:45.541211
MC00697,P00152,DR00010,2024-04-14,I10.6,15796,2227.82,1534.88,692.94,2025-11-22 19:12:45.541231
MC00698,P00197,DR00033,2025-10-19,I64.8,61684,296.29,233.55,62.74,2025-11-22 19:12:45.541250
MC00699,P00026,DR00029,2024-07-03,I40.1,83202,2448.42,2250.6,197.82,2025-11-22 19:12:45.541269
MC00700,P00105,DR00014,2025-07-10,I55.4,41334,3790.09,3324.91,465.18,2025-11-22 19:12:45.541288
MC00701,P00123,DR00043,2025-01-14,I30.7,84760,3273.44,2082.86,1190.58,2025-11-22 19:12:45.541313
MC00702,P00117,DR00030,2025-07-04,I61.2,58551,3761.7,2293.75,1467.95,2025-11-22 19:12:45.541336
MC00703,P00001,DR00041,2025-09-11,I59.5,79588,3171.37,2795.76,375.61,2025-11-22 19:12:45.541355
MC00704,P00070,DR00045,2024-03-05,I79.9,37151,260.3,200.52,59.78,2025-11-22 19:12:45.541374
MC00705,P00086,DR00048,2025-09-27,I75.5,16758,3959.69,2504.04,1455.65,2025-11-22 19:12:45.541393
MC00706,P00159,DR00003,2024-11-13,I56.2,94957,643.74,480.38,163.36,2025-11-22 19:12:45.541411
MC00707,P00182,DR00050,2025-04-27,I27.5,41278,2838.07,1778.91,1059.16,2025-11-22 19:12:45.541427
MC00708,P00189,DR00049,2024-04-07,I99.3,39548,2744.21,2358.97,385.24,2025-11-22 19:12:45.541448
MC00709,P00129,DR00044,2024-09-15,I45.0,18305,1670.27,1602.08,68.19,2025-11-22 19:12:45.541457
MC00710,P00129,DR00034,2025-07-20,I70.8,98907,1926.79,1504.75,422.04,2025-11-22 19:12:45.541466
MC00711,P00116,DR00040,2024-11-11,I96.1,34687,4144.36,3977.68,166.68,2025-11-22 19:12:45.541476
MC00712,P00021,DR00026,2025-05-23,I46.1,24334,4470.33,3500.94,969.39,2025-11-22 19:12:45.541490
MC00713,P00038,DR00032,2025-06-21,I36.8,92218,907.35,585.07,322.28,2025-11-22 19:12:45.541500
MC00714,P00175,DR00035,2025-07-10,I70.5,65067,211.18,161.89,49.29,2025-11-22 19:12:45.541509
MC00715,P00075,DR00013,2025-09-19,I12.3,78107,2274.91,1951.59,323.32,2025-11-22 19:12:45.541519
MC00716,P00088,DR00042,2024-01-31,I51.7,87772,3258.89,2492.0,766.89,2025-11-22 19:12:45.541533
MC00717,P00141,DR00029,2024-08-11,I48.9,27295,3362.69,2730.73,631.96,2025-11-22 19:12:45.541543
MC00718,P00067,DR00015,2024-07-15,I57.4,16202,4501.58,3252.83,1248.75,2025-11-22 19:12:45.541565
MC00719,P00043,DR00040,2025-06-11,I78.4,33891,826.86,590.17,236.69,2025-11-22 19:12:45.541585
MC00720,P00178,DR00043,2025-06-18,I30.3,25324,4868.71,4555.81,312.9,2025-11-22 19:12:45.541602
MC00721,P00033,DR00029,2025-03-01,I57.2,36890,301.64,219.19,82.45,2025-11-22 19:12:45.541613
MC00722,P00082,DR00023,2025-06-24,I57.7,80761,2856.19,1753.35,1102.84,2025-11-22 19:12:45.541624
MC00723,P00032,DR00002,2024-10-04,I73.2,70036,4879.78,3969.49,910.29,2025-11-22 19:12:45.541633
MC00724,P00190,DR00035,2024-06-21,I52.4,72116,4646.28,3077.79,1568.49,2025-11-22 19:12:45.541643
MC00725,P00194,DR00037,2024-01-10,I28.9,67947,4490.29,4435.7,54.59,2025-11-22 19:12:45.541652
MC00726,P00123,DR00003,2025-07-03,I96.8,25319,1759.55,1134.78,624.77,2025-11-22 19:12:45.541662
MC00727,P00057,DR00029,2024-11-22,I21.5,17213,1609.6,1224.35,385.25,2025-11-22 19:12:45.541683
MC00728,P00135,DR00015,2025-02-11,I35.0,20956,3079.94,2088.38,991.56,2025-11-22 19:12:45.541699
MC00729,P00172,DR00006,2024-06-16,I60.3,74286,2738.22,2130.84,607.38,2025-11-22 19:12:45.541718
MC00730,P00015,DR00043,2024-11-18,I60.2,66051,1657.01,1395.25,261.76,2025-11-22 19:12:45.541737
MC00731,P00073,DR00023,2024-11-28,I49.7,83535,1911.19,1431.73,479.46,2025-11-22 19:12:45.541756
MC00732,P00114,DR00048,2024-09-23,I66.4,31468,529.23,471.62,57.61,2025-11-22 19:12:45.541770
MC00733,P00109,DR00047,2024-09-24,I27.9,88372,4047.8,3999.81,47.99,2025-11-22 19:12:45.541788
MC00734,P00122,DR00034,2024-12-14,I18.9,59253,521.78,356.43,165.35,2025-11-22 19:12:45.541812
MC00735,P00070,DR00027,2025-05-27,I81.7,84437,533.4,407.4,126.0,2025-11-22 19:12:45.541832
MC00736,P00048,DR00025,2025-01-30,I80.7,15535,3800.69,2488.58,1312.11,2025-11-22 19:12:45.541845
MC00737,P00150,DR00020,2024-07-05,I81.7,39428,4131.72,2978.13,1153.59,2025-11-22 19:12:45.541854
MC00738,P00068,DR00020,2024-02-06,I91.7,26276,231.52,139.14,92.38,2025-11-22 19:12:45.541864
MC00739,P00107,DR00012,2024-07-07,I98.3,13728,3303.68,3161.87,141.81,2025-11-22 19:12:45.541873
MC00740,P00018,DR00039,2024-11-17,I84.7,84130,684.84,486.84,198.0,2025-11-22 19:12:45.541883
MC00741,P00176,DR00031,2023-12-13,I25.5,77177,2236.74,1572.8,663.94,2025-11-22 19:12:45.541893
MC00742,P00067,DR00011,2024-04-06,I17.2,51901,3691.49,2240.8,1450.69,2025-11-22 19:12:45.541902
MC00743,P00092,DR00011,2025-09-29,I44.5,64986,2359.12,2069.69,289.43,2025-11-22 19:12:45.541913
MC00744,P00013,DR00019,2025-01-28,I77.1,77353,3217.61,3159.89,57.72,2025-11-22 19:12:45.541933
MC00745,P00196,DR00007,2024-03-19,I31.8,52284,1049.69,893.51,156.18,2025-11-22 19:12:45.541954
MC00746,P00176,DR00020,2025-02-18,I97.5,22561,4374.97,4071.91,303.06,2025-11-22 19:12:45.541972
MC00747,P00037,DR00001,2025-07-05,I76.4,58891,2718.66,2013.58,705.08,2025-11-22 19:12:45.541984
MC00748,P00042,DR00007,2025-04-13,I29.8,38981,3916.16,2995.07,921.09,2025-11-22 19:12:45.542000
MC00749,P00144,DR00040,2023-12-17,I77.8,82235,4174.71,3832.56,342.15,2025-11-22 19:12:45.542011
MC00750,P00107,DR00030,2025-09-05,I24.2,12277,3541.1,3261.47,279.63,2025-11-22 19:12:45.542023
MC00751,P00093,DR00009,2024-08-27,I86.8,54832,2449.64,1775.08,674.56,2025-11-22 19:12:45.542033
MC00752,P00191,DR00008,2025-04-09,I26.2,39697,943.82,681.32,262.5,2025-11-22 19:12:45.542043
MC00753,P00021,DR00028,2023-12-16,I24.1,12464,1606.4,1098.68,507.72,2025-11-22 19:12:45.542052
MC00754,P00011,DR00013,2025-08-04,I14.8,87748,3895.99,3517.82,378.17,2025-11-22 19:12:45.542061
MC00755,P00065,DR00003,2025-09-16,I48.0,22648,390.4,252.81,137.59,2025-11-22 19:12:45.542070
MC00756,P00053,DR00038,2025-05-02,I33.5,13835,3933.62,3807.9,125.72,2025-11-22 19:12:45.542080
MC00757,P00072,DR00038,2024-12-01,I55.2,75619,544.82,511.23,33.59,2025-11-22 19:12:45.542089
MC00758,P00130,DR00037,2025-09-14,I22.9,11832,3925.93,3318.13,607.8,2025-11-22 19:12:45.542100
MC00759,P00073,DR00011,2024-05-21,I10.1,38051,2691.31,2385.37,305.94,2025-11-22 19:12:45.542110
MC00760,P00122,DR00024,2023-12-09,I85.2,67627,4610.34,4336.11,274.23,2025-11-22 19:12:45.542128
MC00761,P00091,DR00025,2024-09-14,I37.8,39825,3400.28,2186.14,1214.14,2025-11-22 19:12:45.542138
MC00762,P00081,DR00008,2024-08-02,I24.8,27814,2097.13,1896.99,200.14,2025-11-22 19:12:45.542151
MC00763,P00074,DR00036,2025-10-12,I20.5,74711,2529.5,1883.21,646.29,2025-11-22 19:12:45.542167
MC00764,P00154,DR00048,2025-01-07,I97.7,39605,667.04,475.9,191.14,2025-11-22 19:12:45.542176
MC00765,P00110,DR00013,2025-09-12,I70.5,33500,2814.19,2015.62,798.57,2025-11-22 19:12:45.542186
MC00766,P00173,DR00007,2024-10-13,I66.8,96317,162.65,141.45,21.2,2025-11-22 19:12:45.542198
MC00767,P00102,DR00026,2023-12-12,I85.1,32114,3414.94,2211.81,1203.13,2025-11-22 19:12:45.542208
MC00768,P00087,DR00013,2024-03-23,I61.1,40522,417.08,412.94,4.14,2025-11-22 19:12:45.542219
MC00769,P00072,DR00049,2023-11-23,I84.9,45779,4206.73,3744.33,462.4,2025-11-22 19:12:45.542228
MC00770,P00103,DR00023,2024-07-23,I95.9,63011,3805.88,3502.91,302.97,2025-11-22 19:12:45.542238
MC00771,P00038,DR00050,2024-08-14,I23.1,42858,4938.86,3973.64,965.22,2025-11-22 19:12:45.542247
MC00772,P00035,DR00002,2025-08-13,I16.1,75291,2497.77,1729.28,768.49,2025-11-22 19:12:45.542257
MC00773,P00098,DR00039,2023-12-28,I51.2,49682,3422.73,3384.49,38.24,2025-11-22 19:12:45.542266
MC00774,P00020,DR00043,2024-06-08,I73.7,36467,3147.64,2009.87,1137.77,2025-11-22 19:12:45.542275
MC00775,P00130,DR00017,2024-05-16,I53.8,81646,1538.46,1229.48,308.98,2025-11-22 19:12:45.542285
MC00776,P00111,DR00008,2024-10-26,I67.5,59327,186.58,168.96,17.62,2025-11-22 19:12:45.542306
MC00777,P00046,DR00036,2024-01-17,I48.2,74419,2268.53,1393.77,874.76,2025-11-22 19:12:45.542326
MC00778,P00100,DR00032,2025-08-02,I82.7,96517,2210.34,1602.46,607.88,2025-11-22 19:12:45.542344
MC00779,P00121,DR00031,2024-04-26,I30.8,17305,2813.54,2295.16,518.38,2025-11-22 19:12:45.542362
MC00780,P00097,DR00040,2023-12-31,I55.4,52006,2017.79,1609.95,407.84,2025-11-22 19:12:45.542393
MC00781,P00033,DR00024,2024-11-30,I84.0,91940,400.98,335.29,65.69,2025-11-22 19:12:45.542421
MC00782,P00089,DR00023,2024-09-27,I54.0,96670,1772.16,1132.3,639.86,2025-11-22 19:12:45.542446
MC00783,P00080,DR00038,2025-08-28,I98.1,49965,1296.72,899.73,396.99,2025-11-22 19:12:45.542465
MC00784,P00138,DR00021,2025-10-15,I68.6,84455,660.91,441.43,219.48,2025-11-22 19:12:45.542483
MC00785,P00006,DR00045,2024-07-30,I85.0,51486,2622.32,2015.17,607.15,2025-11-22 19:12:45.542502
MC00786,P00147,DR00007,2024-07-10,I22.3,54035,1950.91,1475.12,475.79,2025-11-22 19:12:45.542520
MC00787,P00171,DR00022,2025-06-05,I88.4,57622,2533.98,2342.87,191.11,2025-11-22 19:12:45.542538
MC00788,P00163,DR00005,2024-05-23,I37.4,44754,4850.2,3301.55,1548.65,2025-11-22 19:12:45.542556
MC00789,P00103,DR00015,2024-02-22,I21.9,22416,332.9,332.4,0.5,2025-11-22 19:12:45.542575
MC00790,P00146,DR00034,2024-07-24,I64.3,55523,3000.14,2128.14,872.0,2025-11-22 19:12:45.542589
MC00791,P00078,DR00033,2025-01-19,I65.8,51071,3998.69,3441.33,557.36,2025-11-22 19:12:45.542598
MC00792,P00160,DR00033,2024-08-15,I95.8,33671,1080.38,822.08,258.3,2025-11-22 19:12:45.542618
MC00793,P00133,DR00012,2024-04-11,I73.3,96613,4416.39,3758.96,657.43,2025-11-22 19:12:45.542631
MC00794,P00120,DR00018,2024-02-08,I78.9,66849,4814.37,4317.93,496.44,2025-11-22 19:12:45.542645
MC00795,P00016,DR00034,2025-05-01,I56.7,29365,4679.72,4167.97,511.75,2025-11-22 19:12:45.542664
MC00796,P00196,DR00020,2024-09-03,I62.5,18444,1277.83,1148.22,129.61,2025-11-22 19:12:45.542683
MC00797,P00069,DR00019,2024-01-31,I30.4,88804,3206.24,3008.69,197.55,2025-11-22 19:12:45.542699
MC00798,P00039,DR00013,2025-10-25,I41.4,70838,1257.04,874.14,382.9,2025-11-22 19:12:45.542711
MC00799,P00109,DR00042,2025-10-16,I35.2,45744,2478.37,2469.74,8.63,2025-11-22 19:12:45.542722
MC00800,P00072,DR00043,2024-05-08,I32.0,73680,768.51,540.54,227.97,2025-11-22 19:12:45.542741
MC00801,P00022,DR00021,2024-03-16,I48.1,63347,3932.95,2446.81,1486.14,2025-11-22 19:12:45.542764
MC00802,P00024,DR00026,2025-07-02,I40.1,84838,4494.19,3903.96,590.23,2025-11-22 19:12:45.542779
MC00803,P00134,DR00043,2024-04-07,I77.4,75070,3698.95,3599.72,99.23,2025-11-22 19:12:45.542789
MC00804,P00032,DR00050,2025-01-06,I52.9,61111,4434.37,3082.91,1351.46,2025-11-22 19:12:45.542799
MC00805,P00109,DR00014,2025-06-28,I23.2,38063,4048.62,3633.97,414.65,2025-11-22 19:12:45.542808
MC00806,P00066,DR00038,2025-09-26,I72.8,59113,4852.63,3764.62,1088.01,2025-11-22 19:12:45.544412
MC00807,P00140,DR00028,2024-07-24,I97.3,46403,3528.13,2276.29,1251.84,2025-11-22 19:12:45.544441
MC00808,P00093,DR00031,2024-11-11,I49.0,94593,4409.22,4298.06,111.16,2025-11-22 19:12:45.544453
MC00809,P00190,DR00043,2025-09-28,I98.3,43158,4837.35,4074.63,762.72,2025-11-22 19:12:45.544464
MC00810,P00180,DR00024,2023-12-22,I25.8,40983,2808.37,2032.44,775.93,2025-11-22 19:12:45.544479
MC00811,P00101,DR00017,2025-01-18,I21.3,48983,4302.47,3250.04,1052.43,2025-11-22 19:12:45.544498
MC00812,P00113,DR00041,2025-01-02,I92.6,14440,1130.89,1081.24,49.65,2025-11-22 19:12:45.544534
MC00813,P00200,DR00032,2024-07-28,I62.5,65360,1442.78,911.89,530.89,2025-11-22 19:12:45.544552
MC00814,P00042,DR00045,2025-02-28,I74.1,56118,4396.13,4080.03,316.1,2025-11-22 19:12:45.544562
MC00815,P00141,DR00048,2024-12-23,I68.0,16828,2162.27,1928.08,234.19,2025-11-22 19:12:45.544574
MC00816,P00114,DR00042,2025-07-06,I10.6,36224,3242.73,2183.97,1058.76,2025-11-22 19:12:45.544591
MC00817,P00022,DR00008,2025-06-14,I41.8,95089,3178.65,2306.07,872.58,2025-11-22 19:12:45.544609
MC00818,P00176,DR00027,2024-12-30,I67.7,27499,3839.5,3604.46,235.04,2025-11-22 19:12:45.544642
MC00819,P00084,DR00019,2025-05-03,I20.6,58182,1377.33,1205.15,172.18,2025-11-22 19:12:45.544661
MC00820,P00147,DR00015,2025-11-01,I12.8,94817,991.26,942.25,49.01,2025-11-22 19:12:45.544675
MC00821,P00023,DR00030,2025-05-03,I43.2,16525,3098.82,2142.78,956.04,2025-11-22 19:12:45.544684
MC00822,P00067,DR00010,2025-08-23,I57.2,84349,2065.07,1593.33,471.74,2025-11-22 19:12:45.544694
MC00823,P00112,DR00050,2024-08-15,I96.7,25533,675.02,599.04,75.98,2025-11-22 19:12:45.544715
MC00824,P00069,DR00019,2024-07-04,I58.2,66532,1199.97,817.49,382.48,2025-11-22 19:12:45.544726
MC00825,P00073,DR00047,2023-12-30,I34.6,33641,4296.05,3608.82,687.23,2025-11-22 19:12:45.544735
MC00826,P00075,DR00017,2025-03-26,I89.7,42547,2101.77,1383.76,718.01,2025-11-22 19:12:45.544745
MC00827,P00118,DR00006,2025-11-12,I70.2,52368,1911.22,1669.85,241.37,2025-11-22 19:12:45.544754
MC00828,P00055,DR00046,2024-10-26,I64.9,43584,4874.56,3699.9,1174.66,2025-11-22 19:12:45.544764
MC00829,P00014,DR00022,2025-03-27,I70.5,89478,457.97,376.82,81.15,2025-11-22 19:12:45.544777
MC00830,P00154,DR00046,2025-10-07,I10.4,76131,4702.68,4641.0,61.68,2025-11-22 19:12:45.544787
MC00831,P00102,DR00043,2024-11-08,I26.8,15390,3136.32,2261.3,875.02,2025-11-22 19:12:45.544797
MC00832,P00129,DR00032,2024-12-10,I69.2,21750,2944.39,2073.19,871.2,2025-11-22 19:12:45.544807
MC00833,P00037,DR00017,2025-07-26,I50.0,26760,1654.86,1344.03,310.83,2025-11-22 19:12:45.544828
MC00834,P00072,DR00048,2024-11-18,I65.4,44500,2546.13,2519.01,27.12,2025-11-22 19:12:45.544849
MC00835,P00068,DR00034,2025-01-06,I65.2,51358,3103.36,2807.38,295.98,2025-11-22 19:12:45.544867
MC00836,P00039,DR00036,2024-01-19,I91.7,16975,3710.66,2955.58,755.08,2025-11-22 19:12:45.544891
MC00837,P00047,DR00003,2024-07-29,I43.2,71228,1025.71,637.81,387.9,2025-11-22 19:12:45.544901
MC00838,P00127,DR00003,2024-08-27,I55.8,73596,2238.51,2234.21,4.3,2025-11-22 19:12:45.544910
MC00839,P00185,DR00010,2025-07-19,I54.1,36703,2343.02,1511.24,831.78,2025-11-22 19:12:45.544925
MC00840,P00044,DR00048,2024-06-20,I44.9,96918,4354.05,2927.06,1426.99,2025-11-22 19:12:45.544935
MC00841,P00002,DR00034,2024-04-17,I33.6,20070,2969.82,2475.1,494.72,2025-11-22 19:12:45.544944
MC00842,P00025,DR00022,2025-10-27,I46.1,61664,1306.17,1043.95,262.22,2025-11-22 19:12:45.544954
MC00843,P00028,DR00021,2025-06-18,I13.1,70323,1930.44,1875.73,54.71,2025-11-22 19:12:45.544966
MC00844,P00117,DR00041,2025-02-20,I86.0,53178,4170.43,3602.48,567.95,2025-11-22 19:12:45.544982
MC00845,P00116,DR00021,2024-04-19,I26.3,16380,4851.88,4184.6,667.28,2025-11-22 19:12:45.544994
MC00846,P00015,DR00048,2025-09-11,I80.9,59989,4027.63,2872.43,1155.2,2025-11-22 19:12:45.545004
MC00847,P00062,DR00050,2024-10-10,I21.0,37292,553.5,388.59,164.91,2025-11-22 19:12:45.545013
MC00848,P00073,DR00042,2024-01-23,I29.1,49131,898.41,819.17,79.24,2025-11-22 19:12:45.545023
MC00849,P00080,DR00044,2024-03-15,I26.5,97231,2505.14,1936.33,568.81,2025-11-22 19:12:45.545033
MC00850,P00052,DR00032,2024-08-23,I59.7,45190,570.95,426.49,144.46,2025-11-22 19:12:45.545042
MC00851,P00194,DR00028,2024-11-10,I88.2,66899,2858.98,2199.21,659.77,2025-11-22 19:12:45.545051
MC00852,P00132,DR00022,2024-08-05,I96.3,94883,3190.36,2032.83,1157.53,2025-11-22 19:12:45.545061
MC00853,P00127,DR00034,2024-02-17,I92.8,21006,3462.56,2292.31,1170.25,2025-11-22 19:12:45.545070
MC00854,P00123,DR00020,2025-06-23,I26.4,42591,1524.44,1181.35,343.09,2025-11-22 19:12:45.545079
MC00855,P00013,DR00036,2025-09-05,I15.8,24107,2663.15,1912.65,750.5,2025-11-22 19:12:45.545098
MC00856,P00119,DR00043,2024-04-19,I42.5,43405,2602.19,1991.22,610.97,2025-11-22 19:12:45.545108
MC00857,P00005,DR00008,2024-01-15,I69.2,33882,2969.28,2694.5,274.78,2025-11-22 19:12:45.545118
MC00858,P00107,DR00046,2025-01-22,I50.9,69637,4230.26,2614.74,1615.52,2025-11-22 19:12:45.545128
MC00859,P00068,DR00022,2025-05-15,I37.2,20252,3811.04,2972.53,838.51,2025-11-22 19:12:45.545146
MC00860,P00173,DR00007,2024-09-04,I78.0,10766,3760.44,3164.87,595.57,2025-11-22 19:12:45.545165
MC00861,P00168,DR00031,2024-08-08,I98.6,96208,2035.18,1231.94,803.24,2025-11-22 19:12:45.545189
MC00862,P00125,DR00020,2024-02-28,I88.5,98316,4832.44,4062.9,769.54,2025-11-22 19:12:45.545228
MC00863,P00078,DR00006,2025-07-17,I27.0,35008,4819.39,4193.07,626.32,2025-11-22 19:12:45.545244
MC00864,P00049,DR00002,2025-04-22,I71.2,95162,648.37,393.14,255.23,2025-11-22 19:12:45.545262
MC00865,P00138,DR00013,2025-08-26,I48.7,29420,1284.72,1203.57,81.15,2025-11-22 19:12:45.545280
MC00866,P00043,DR00010,2023-12-04,I66.7,71799,2422.55,1474.67,947.88,2025-11-22 19:12:45.545299
MC00867,P00063,DR00013,2025-01-25,I82.6,16674,196.18,152.98,43.2,2025-11-22 19:12:45.545314
MC00868,P00183,DR00028,2024-09-23,I73.9,88097,1735.87,1112.81,623.06,2025-11-22 19:12:45.545327
MC00869,P00010,DR00032,2024-10-09,I72.8,87468,3682.28,3680.85,1.43,2025-11-22 19:12:45.545337
MC00870,P00125,DR00015,2025-09-21,I77.0,65312,3650.61,3556.1,94.51,2025-11-22 19:12:45.545352
MC00871,P00069,DR00042,2024-09-21,I70.1,74852,2924.38,2401.8,522.58,2025-11-22 19:12:45.545384
MC00872,P00115,DR00045,2024-09-02,I12.2,47750,3151.21,2705.23,445.98,2025-11-22 19:12:45.545400
MC00873,P00113,DR00015,2024-06-21,I38.9,99780,3658.42,2881.72,776.7,2025-11-22 19:12:45.545417
MC00874,P00184,DR00043,2024-07-31,I26.4,61166,1761.85,1481.43,280.42,2025-11-22 19:12:45.545427
MC00875,P00173,DR00042,2024-11-19,I70.2,91506,4803.04,4482.35,320.69,2025-11-22 19:12:45.545442
MC00876,P00023,DR00043,2024-07-16,I26.2,36146,1115.32,977.33,137.99,2025-11-22 19:12:45.545469
MC00877,P00107,DR00032,2025-01-16,I40.3,82984,865.94,690.05,175.89,2025-11-22 19:12:45.545485
MC00878,P00067,DR00023,2023-12-30,I30.2,75991,330.54,200.72,129.82,2025-11-22 19:12:45.545495
MC00879,P00111,DR00008,2024-02-29,I39.1,83660,256.65,160.53,96.12,2025-11-22 19:12:45.545504
MC00880,P00088,DR00023,2025-10-06,I81.4,29815,1198.07,842.4,355.67,2025-11-22 19:12:45.545514
MC00881,P00155,DR00043,2025-08-08,I16.7,69917,4281.7,4065.38,216.32,2025-11-22 19:12:45.545524
MC00882,P00028,DR00040,2024-03-08,I23.8,15501,4816.97,4346.38,470.59,2025-11-22 19:12:45.545534
MC00883,P00031,DR00014,2024-11-17,I30.4,67870,2585.8,1724.26,861.54,2025-11-22 19:12:45.545543
MC00884,P00026,DR00010,2024-01-30,I56.5,28058,3833.63,3064.44,769.19,2025-11-22 19:12:45.545553
MC00885,P00107,DR00050,2025-11-16,I41.7,54737,702.62,478.31,224.31,2025-11-22 19:12:45.545562
MC00886,P00069,DR00024,2024-09-24,I56.3,29871,1505.12,1006.18,498.94,2025-11-22 19:12:45.545572
MC00887,P00059,DR00009,2024-09-09,I62.6,70129,3790.71,3077.53,713.18,2025-11-22 19:12:45.545588
MC00888,P00175,DR00024,2025-10-23,I66.2,11303,4764.02,3842.0,922.02,2025-11-22 19:12:45.545598
MC00889,P00018,DR00006,2024-12-11,I50.6,31538,3616.37,2918.19,698.18,2025-11-22 19:12:45.545613
MC00890,P00010,DR00043,2024-02-05,I29.9,17577,2226.95,1686.48,540.47,2025-11-22 19:12:45.545624
MC00891,P00170,DR00034,2025-01-24,I63.6,99243,4890.89,4851.85,39.04,2025-11-22 19:12:45.545639
MC00892,P00185,DR00048,2025-01-05,I54.0,46671,3533.87,3355.12,178.75,2025-11-22 19:12:45.545649
MC00893,P00038,DR00045,2024-10-05,I67.3,81358,4511.02,3808.02,703.0,2025-11-22 19:12:45.545662
MC00894,P00114,DR00045,2024-12-04,I93.6,35859,3159.36,2676.85,482.51,2025-11-22 19:12:45.545674
MC00895,P00138,DR00022,2024-10-19,I26.8,80882,4416.78,2798.97,1617.81,2025-11-22 19:12:45.545692
MC00896,P00142,DR00020,2024-06-07,I53.2,13069,1491.25,950.12,541.13,2025-11-22 19:12:45.545710
MC00897,P00152,DR00017,2025-03-20,I48.6,76227,236.67,217.41,19.26,2025-11-22 19:12:45.545730
MC00898,P00096,DR00017,2024-02-19,I74.5,26228,641.17,400.08,241.09,2025-11-22 19:12:45.545749
MC00899,P00032,DR00029,2025-01-21,I83.0,69394,333.89,287.27,46.62,2025-11-22 19:12:45.545763
MC00900,P00191,DR00038,2024-04-22,I90.8,88059,1761.0,1222.91,538.09,2025-11-22 19:12:45.545773
MC00901,P00171,DR00046,2024-04-15,I96.2,59501,1245.81,896.59,349.22,2025-11-22 19:12:45.545792
MC00902,P00084,DR00034,2024-04-05,I34.5,69547,2646.37,1849.95,796.42,2025-11-22 19:12:45.545812
MC00903,P00106,DR00006,2025-08-20,I17.6,27047,580.14,513.22,66.92,2025-11-22 19:12:45.545844
MC00904,P00095,DR00044,2024-06-02,I61.9,83265,2433.64,1894.51,539.13,2025-11-22 19:12:45.545866
MC00905,P00068,DR00038,2024-06-30,I91.6,67682,2642.83,2003.04,639.79,2025-11-22 19:12:45.545879
MC00906,P00188,DR00027,2025-06-09,I28.8,26662,3476.19,3403.64,72.55,2025-11-22 19:12:45.545889
MC00907,P00181,DR00033,2024-05-30,I25.3,69694,2475.35,1938.41,536.94,2025-11-22 19:12:45.545898
MC00908,P00144,DR00024,2025-07-24,I87.6,24461,2419.44,2174.11,245.33,2025-11-22 19:12:45.545923
MC00909,P00011,DR00034,2025-06-19,I25.5,49967,692.25,573.67,118.58,2025-11-22 19:12:45.545957
MC00910,P00125,DR00002,2025-06-29,I28.9,65280,4956.0,3574.78,1381.22,2025-11-22 19:12:45.545977
MC00911,P00073,DR00014,2025-05-19,I72.0,26033,338.39,324.08,14.31,2025-11-22 19:12:45.545988
MC00912,P00012,DR00027,2024-07-18,I83.4,84155,2782.93,1744.97,1037.96,2025-11-22 19:12:45.545997
MC00913,P00097,DR00031,2024-03-12,I26.2,76160,2316.63,1703.02,613.61,2025-11-22 19:12:45.546007
MC00914,P00171,DR00029,2025-06-23,I51.1,91889,3218.66,2911.83,306.83,2025-11-22 19:12:45.546016
MC00915,P00060,DR00026,2024-12-10,I79.0,97876,3356.06,2563.53,792.53,2025-11-22 19:12:45.546025
MC00916,P00166,DR00006,2025-06-06,I13.9,92589,4461.21,3989.95,471.26,2025-11-22 19:12:45.546035
MC00917,P00144,DR00042,2025-07-19,I92.8,21161,4001.18,3532.88,468.3,2025-11-22 19:12:45.546044
MC00918,P00148,DR00049,2025-09-29,I82.8,34824,1042.89,883.83,159.06,2025-11-22 19:12:45.546056
MC00919,P00005,DR00008,2024-01-18,I78.2,12486,3777.74,3026.18,751.56,2025-11-22 19:12:45.546078
MC00920,P00181,DR00038,2024-08-25,I20.8,89541,1447.32,987.54,459.78,2025-11-22 19:12:45.546089
MC00921,P00126,DR00002,2024-12-09,I65.2,64386,1670.11,1395.47,274.64,2025-11-22 19:12:45.546184
MC00922,P00098,DR00017,2025-08-21,I24.1,81012,217.88,176.74,41.14,2025-11-22 19:12:45.546215
MC00923,P00066,DR00050,2025-08-23,I29.4,63382,923.96,607.61,316.35,2025-11-22 19:12:45.546231
MC00924,P00084,DR00012,2025-10-26,I17.4,61110,3425.18,2135.82,1289.36,2025-11-22 19:12:45.546241
MC00925,P00083,DR00017,2024-11-03,I25.0,36549,583.85,383.58,200.27,2025-11-22 19:12:45.546255
MC00926,P00061,DR00032,2024-06-20,I74.6,25083,1274.15,1068.76,205.39,2025-11-22 19:12:45.546265
MC00927,P00142,DR00027,2025-09-16,I71.0,63411,1419.51,1032.46,387.05,2025-11-22 19:12:45.546275
MC00928,P00005,DR00018,2024-05-04,I85.1,42285,3204.35,3093.78,110.57,2025-11-22 19:12:45.546296
MC00929,P00033,DR00020,2024-04-20,I62.7,20998,3838.59,3303.57,535.02,2025-11-22 19:12:45.546306
MC00930,P00037,DR00024,2024-05-18,I31.3,80455,4246.76,3398.14,848.62,2025-11-22 19:12:45.546315
MC00931,P00143,DR00029,2025-10-11,I10.7,91360,4767.8,4694.09,73.71,2025-11-22 19:12:45.546327
MC00932,P00001,DR00004,2024-07-17,I44.9,42884,1517.32,1500.38,16.94,2025-11-22 19:12:45.546345
MC00933,P00090,DR00041,2025-04-19,I84.8,46872,4213.49,3168.8,1044.69,2025-11-22 19:12:45.546364
MC00934,P00145,DR00005,2025-01-19,I21.6,26118,322.88,289.19,33.69,2025-11-22 19:12:45.546382
MC00935,P00072,DR00028,2025-04-21,I88.8,51720,4169.44,3710.92,458.52,2025-11-22 19:12:45.546413
MC00936,P00163,DR00017,2023-11-29,I67.4,42234,4431.26,4334.5,96.76,2025-11-22 19:12:45.546433
MC00937,P00054,DR00030,2024-03-19,I52.0,27527,3345.16,2437.47,907.69,2025-11-22 19:12:45.546451
MC00938,P00122,DR00001,2025-11-13,I96.2,64154,3267.57,1963.22,1304.35,2025-11-22 19:12:45.546464
MC00939,P00126,DR00049,2024-10-16,I78.1,95078,2823.37,2480.6,342.77,2025-11-22 19:12:45.546481
MC00940,P00172,DR00029,2024-01-04,I25.5,59332,3291.21,2683.85,607.36,2025-11-22 19:12:45.546511
MC00941,P00046,DR00050,2023-12-10,I11.1,70646,4154.59,3087.63,1066.96,2025-11-22 19:12:45.546544
MC00942,P00003,DR00015,2025-11-02,I45.5,35101,1915.36,1297.07,618.29,2025-11-22 19:12:45.546556
MC00943,P00078,DR00046,2025-04-10,I39.7,57579,540.84,457.21,83.63,2025-11-22 19:12:45.546566
MC00944,P00181,DR00046,2024-03-12,I36.0,35701,280.3,223.44,56.86,2025-11-22 19:12:45.546576
MC00945,P00029,DR00018,2024-04-19,I74.7,32344,4922.89,4210.91,711.98,2025-11-22 19:12:45.546585
MC00946,P00145,DR00044,2023-12-25,I87.9,33006,2803.75,2422.26,381.49,2025-11-22 19:12:45.546602
MC00947,P00017,DR00009,2025-03-02,I82.3,78561,420.27,273.72,146.55,2025-11-22 19:12:45.546618
MC00948,P00174,DR00002,2023-12-14,I96.8,90538,3671.6,2605.85,1065.75,2025-11-22 19:12:45.546638
MC00949,P00117,DR00001,2024-09-11,I92.0,52336,1339.31,1103.65,235.66,2025-11-22 19:12:45.546653
MC00950,P00071,DR00008,2023-12-27,I76.7,74955,2219.49,2215.15,4.34,2025-11-22 19:12:45.546666
MC00951,P00185,DR00015,2025-10-05,I45.6,79784,1871.21,1690.84,180.37,2025-11-22 19:12:45.546694
MC00952,P00050,DR00022,2025-08-31,I83.0,39573,2299.42,1384.4,915.02,2025-11-22 19:12:45.546714
MC00953,P00020,DR00016,2025-05-05,I31.5,50737,4892.67,3765.05,1127.62,2025-11-22 19:12:45.546728
MC00954,P00008,DR00031,2024-09-06,I13.9,92090,407.94,346.8,61.14,2025-11-22 19:12:45.546738
MC00955,P00064,DR00007,2024-07-26,I40.5,17134,4681.8,4383.12,298.68,2025-11-22 19:12:45.546747
MC00956,P00061,DR00005,2024-03-18,I89.7,22539,4126.01,3333.28,792.73,2025-11-22 19:12:45.546756
MC00957,P00022,DR00004,2025-10-19,I58.5,18523,3164.21,2631.27,532.94,2025-11-22 19:12:45.546781
MC00958,P00114,DR00004,2025-01-18,I88.6,18623,3934.97,2458.57,1476.4,2025-11-22 19:12:45.546797
MC00959,P00014,DR00019,2024-10-28,I61.1,90911,598.96,372.74,226.22,2025-11-22 19:12:45.546815
MC00960,P00154,DR00043,2024-02-23,I11.7,60321,3784.62,2623.67,1160.95,2025-11-22 19:12:45.546835
MC00961,P00159,DR00040,2025-08-11,I53.0,69516,2374.62,1831.41,543.21,2025-11-22 19:12:45.546880
MC00962,P00028,DR00007,2025-11-10,I86.1,87710,2634.34,2200.0,434.34,2025-11-22 19:12:45.546899
MC00963,P00147,DR00009,2024-02-09,I75.4,56581,3968.14,2688.2,1279.94,2025-11-22 19:12:45.546918
MC00964,P00114,DR00012,2025-03-19,I27.0,17928,2162.93,1924.68,238.25,2025-11-22 19:12:45.546953
MC00965,P00132,DR00042,2024-11-21,I49.9,80928,725.64,605.05,120.59,2025-11-22 19:12:45.546971
MC00966,P00080,DR00039,2024-12-06,I47.5,11059,3899.93,2569.91,1330.02,2025-11-22 19:12:45.546989
MC00967,P00038,DR00004,2025-03-24,I74.8,17157,2636.63,2275.6,361.03,2025-11-22 19:12:45.547015
MC00968,P00052,DR00041,2025-04-30,I18.5,34819,2168.1,1470.32,697.78,2025-11-22 19:12:45.547041
MC00969,P00120,DR00039,2023-12-14,I52.9,84199,3372.51,2960.77,411.74,2025-11-22 19:12:45.547060
MC00970,P00108,DR00022,2025-06-09,I23.7,15530,4819.02,4079.02,740.0,2025-11-22 19:12:45.547080
MC00971,P00164,DR00015,2023-12-14,I39.7,91778,2530.06,2449.05,81.01,2025-11-22 19:12:45.547098
MC00972,P00197,DR00022,2024-11-03,I36.6,34149,1144.38,906.69,237.69,2025-11-22 19:12:45.547117
MC00973,P00003,DR00005,2024-11-21,I13.8,25098,4147.81,2499.84,1647.97,2025-11-22 19:12:45.547131
MC00974,P00162,DR00038,2024-11-19,I15.0,36099,797.77,619.2,178.57,2025-11-22 19:12:45.547156
MC00975,P00068,DR00047,2025-05-28,I53.8,42239,1069.34,716.09,353.25,2025-11-22 19:12:45.547166
MC00976,P00068,DR00007,2025-11-01,I96.2,59666,974.85,593.29,381.56,2025-11-22 19:12:45.547176
MC00977,P00087,DR00014,2025-01-14,I68.3,58449,3308.86,3156.67,152.19,2025-11-22 19:12:45.547185
MC00978,P00135,DR00040,2024-09-04,I18.1,28931,4066.49,3514.93,551.56,2025-11-22 19:12:45.547194
MC00979,P00049,DR00013,2024-05-26,I58.5,51674,4425.34,2886.73,1538.61,2025-11-22 19:12:45.547205
MC00980,P00063,DR00003,2024-03-02,I85.3,80184,3037.79,3009.82,27.97,2025-11-22 19:12:45.547222
MC00981,P00064,DR00004,2024-02-17,I45.2,76619,1541.5,1016.51,524.99,2025-11-22 19:12:45.547240
MC00982,P00054,DR00047,2025-08-31,I70.9,18503,4845.08,4623.82,221.26,2025-11-22 19:12:45.547260
MC00983,P00166,DR00049,2024-06-19,I57.7,78012,920.42,695.14,225.28,2025-11-22 19:12:45.547399
MC00984,P00096,DR00034,2023-12-12,I71.7,72096,2374.91,1730.67,644.24,2025-11-22 19:12:45.547421
MC00985,P00150,DR00042,2025-10-16,I36.3,36607,1414.84,1075.81,339.03,2025-11-22 19:12:45.547440
MC00986,P00056,DR00020,2024-09-13,I58.9,30605,2315.19,1606.17,709.02,2025-11-22 19:12:45.547450
MC00987,P00141,DR00006,2025-07-08,I20.4,68262,4683.94,3511.28,1172.66,2025-11-22 19:12:45.547459
MC00988,P00011,DR00030,2024-06-16,I89.5,65850,2642.22,1828.6,813.62,2025-11-22 19:12:45.547469
MC00989,P00095,DR00032,2025-01-02,I44.6,13239,2310.64,1786.13,524.51,2025-11-22 19:12:45.547482
MC00990,P00166,DR00005,2024-11-20,I20.4,75767,979.87,679.56,300.31,2025-11-22 19:12:45.547497
MC00991,P00071,DR00015,2025-08-14,I25.1,57216,2612.68,2240.27,372.41,2025-11-22 19:12:45.547515
MC00992,P00051,DR00044,2024-12-20,I42.4,99592,287.58,195.59,91.99,2025-11-22 19:12:45.547534
MC00993,P00155,DR00009,2024-05-15,I43.0,49252,4242.7,2869.16,1373.54,2025-11-22 19:12:45.547553
MC00994,P00104,DR00026,2024-04-08,I93.0,71866,1481.04,1093.97,387.07,2025-11-22 19:12:45.547566
MC00995,P00039,DR00026,2025-04-03,I39.3,72185,3305.05,3290.87,14.18,2025-11-22 19:12:45.547581
MC00996,P00142,DR00049,2024-07-31,I69.5,21255,1245.24,1039.53,205.71,2025-11-22 19:12:45.547595
MC00997,P00198,DR00045,2024-09-21,I36.7,68978,1634.07,1103.22,530.85,2025-11-22 19:12:45.547605
MC00998,P00036,DR00037,2025-07-14,I49.0,75509,4279.43,2619.19,1660.24,2025-11-22 19:12:45.547615
MC00999,P00087,DR00015,2024-09-19,I64.6,80464,4070.97,3801.14,269.83,2025-11-22 19:12:45.547625
MC01000,P00146,DR00003,2025-07-03,I29.5,84473,1568.22,1309.12,259.1,2025-11-22 19:12:45.547639
